id,name,,type,attr,attr,attr,attr,attr,attr,attr,attr,attr,attr,attr,attr,attr,attr,attr,attr,attr,attr,attr,attr,attr,attr,attr,attr,attr,attr,attr
No.,ja_JP,Ne,equiptype,Tech,Father,Father2,Mother,Disallowmassproduction,Hitpoints,Firepower,Armor,Armorpenetration,Accuracy,Torpedoaccuracy,Evasion,Los,Concealment,Firingrange,Firingspeed,Speed,Torpedo,Airtorpedo,Bombing,Antiair,Asw,Interception,Antibomber,Antiland,Transport,Flightrange
1,12cmg装h,小口径主h,Small-gun-flat,1914,0,,,30,,15,,5,,,,,,16,50,,,,,5,,,,,,
2,12.7cmB装hB型,小口径主h,Small-gun-flat,1930,297,,,30,,22,,6,3,,,,,18,100,,,,,10,,,,,,
3,10cmB装高角h,小口径主h,Small-gun-flak,1938,0,,,30,,30,,7,5,,,,,20,150,,,,,70,,,,,,
4,14cmg装h,中口径主h,Mid-gun-flat,1914,0,,,30,,50,,8,15,,,,,19,100,,,,,5,,,,,,
5,15.5cm三B装h,中口径主h,Mid-gun-flat,1935,0,,,30,,70,,10,10,,,,,27,50,,,,,20,,,,,,
6,20.3cmB装h,中口径主h,Mid-gun-flat-ca,1926,0,,,30,,80,,11,,,,,,27,30,,,,,25,,,,,,
7,35.6cmB装h,大口径主h,Big-gun,1913,0,,,30,,150,,18,,,,,,31,20,,,,,30,,,,,,
8,41cmB装h,大口径主h,Big-gun,1920,0,,,30,,200,,21,,,,,,36,14,,,,,40,,,,,,
9,46cm三B装h,大口径主h,Superbig-gun,1934,117,,,10,,260,,25,,,,,,42,13,,,,,75,,,,,,
10,12.7cmB装高角h,副h,Second-gun-flak,1929,0,,,30,,20,,1,12,,,,,14,140,,,,,40,,,,,,
11,15.2cmg装h,副h,Second-gun-flat,1908,0,,,30,,25,,9,10,,,,,18,60,,,,,,,,,,,
12,15.5cm三B装副h,副h,Second-gun-flat,1935,5,,,30,,70,,10,20,,,,,27,50,,,,,3,,,,,,
13,61cm三B装~雷,~雷,Torp,1925,174,,,30,,,,,,,,,,,,,50,,,,,,,,,
14,61cm四B装~雷,~雷,Torp,1936,13,,,30,,,,,,,,,,,,,70,,,,,,,,,
15,61cm四B装(酸素)~雷,~雷,Torp,1939,14,,,30,,,,,,35,,,,,,,100,,,,,,,,,
16,九七式攻,上攻C,Bomb-torp,1937,0,,,30,,,,,,,,6,,,,,,50,,,20,,,,,4
17,天山,上攻C,Bomb-torp,1943,16,,,30,,,,,,,,7,,,,,,70,,,15,,,,,5
18,流星,上攻C,Bomb-torp-dive,1945,17,,,30,,,,,,,,8,,,,,,100,,4,20,,,,,6
19,九六式,上殛LC,Fighter,1936,0,,,30,,,,,,,5,,,,,,,,,30,,,,,,3
20,零式21型,上殛LC,Fighter,1940,19,,,30,,,,,,,,,,,,,,,,50,,,,,,7
21,零式52型,上殛LC,Fighter,1942,20,,,30,,,,,,,,,,,,,,,,60,,,,,,4
22,u烈L 後期型,上殛LC,Fighter,1944,4097,,,4,,,,,,,4,,,,,,,,,100,,,,,,5
23,九九式爆,上爆C,Bomb-dive,1939,0,,,30,,,,,,,,,,,,,,,50,,15,,,,,4
24,彗星,上爆C,Bomb-dive,1943,23,,,30,,,,,,,,,,,,,,,80,,15,,,,,4
25,零式水上刹C,水上刹C,Sp-recon,1940,0,,,30,,,,,10,,,50,,,,,,,1,1,2,,,,,7
26,瑞,多用途水上C/水上爆C,Sp-bomb,1943,0,,,30,,,,,1,,,40,,,,,,,36,2,20,,,,,5
27,13号空探,小型探,Radar-small-flak,1942,0,,,30,,,,,12,,,18,,,,,,,,2,,,,,,
28,22号水上探,小型探,Radar-small-flat,1943,0,,,30,,,,,36,,,22,,,,,,,,,,,,,,
29,33号水上探,小型探,Radar-small-flat,1944,28,,,30,,,,,54,,,33,,,,,,,,,,,,,,
30,21号空探,大型探,Radar-big-flak,1941,0,,,30,,,,,24,,,36,,,,,,,,40,,,,,,
31,32号水上探,大型探,Radar-big-flat,1943,0,,,30,,,,,84,,,96,,,,,,,,,,,,,,
32,42号空探,大型探,Radar-big-dual,1943,30,,,30,,,,,48,,,48,,,,,,,,60,,,,,,
33,改良型本式タ`ビン,Cv部化,Engine-turbine,1924,0,,,30,,,,,,,96,,,,,1,,,,,,,,,,
34,化型本式缶,Cv部化,Engine-boiler,1940,0,,,30,,,,,,,144,,,,,2,,,,,,,,,,
35,三式,空化,AL-shell,1941,0,,,30,,,,,,,,,,,,,,,,5,,,,,,
36,九一式丶,化,AP-shell,1931,0,,,30,,8,,,1,,,,,,,,,,,,,,,,,
37,7.7mmC|,空C|,AA-gun,1932,0,,,30,,,,,,,1,,,,,,,,,2,,,,,,
38,12.7mmg装C|,空C|,AA-gun,1934,37,,,30,,,,,,,1,,,,,,,,,3,,,,,,
39,25mmB装C|,空C|,AA-gun,1936,38,,,30,,,,,,,1,,,,,,,,,5,,,,,,
40,25mm三B装C|,空C|,AA-gun,1936,38,,,30,,,,,,,1,,,,,,,,,6,,,,,,
41,甲说 甲型,特殊潜航艇,Midget-sub,1938,0,,,30,,,,,,,,,,,,,115,,,,,,,,,
42,昙毙蘩硪T,昙毙蘩硪T,Repair-item,1921,0,,,-1,,,,,,,,,,,,,,,,,,,,,,
43,昙毙蘩砼神,昙毙蘩硪T,Repair-item,1926,42,,,-1,,,,,,,,,,,,,,,,,,,,,,
44,九四式爆雷投射C,爆雷,Depthc-projector,1934,0,,,30,,,,,,,,,,,,,,,,,50,,,,,
45,三式爆雷投射C,爆雷,Depthc-projector,1943,44,,,30,,,,,,,,,,,,,,,,,80,,,,,
46,九三式水中音C,ソナ`,Sonar-passive,1933,0,,,30,,,,,1,,,2,,,,,,,,,60,,,,,
47,三式水中探信x,ソナ`,Sonar-active,1943,46,,,30,,,,,2,,,4,,,,,,,,,100,,,,,
48,12cmg装高角h,小口径主h,Small-gun-flak,1921,0,,,30,,15,,5,,,,,,14,60,,,,,35,,,,,,
49,25mmg装C|,空C|,AA-gun,1936,38,,,30,,,,,,,1,,,,,,,,,4,,,,,,
50,20.3cm(3号)B装h,中口径主h,Mid-gun-flat-ca,1933,90,,,10,,90,,12,18,,,,,28,40,,,,,35,,,,,,
51,12cm30B装Mh,空C|,AA-gun,1944,0,,16402,30,,,,,,,,,,,,,,,,8,,,,,,
52,流星改,上攻C,Bomb-torp-dive,1947,18,,,30,,,,,,,,10,,,,,,130,,8,15,,,,,6
53,烈L 一一型,上殛LC,Fighter,1946,22,,,2,,,,,,,,,,,,,,,,120,,,,,,5
54,彩,上刹C,Recon,1944,0,,,30,,,,,2,,,90,,,,,,,,,,,,,,8
55,紫改二,上殛LC,Fighter,1943,202,,,10,,,,,,,30,,,,,,,,,90,,,,,,3
56,震改,上殛LC,Fighter,1950,546,,,1,,,,,,,,,,,,,,,,150,,,,,,2
57,彗星一二型甲,上爆C,Bomb-dive,1944,24,,,30,,,,,,,,5,,,,,,,100,,15,,,,,5
58,61cm五B装(酸素)~雷,~雷,Torp,1944,15,,,10,,,,,,60,,,,,,,120,,,,,,,,,
59,零式水上QyC,水上刹C,Sp-recon,1940,25,,,30,,,,,20,,,60,,,,,,,1,2,4,,,,,3
60,零式62型(爆),上爆C,Bomb-dive-fight,1945,21,,,30,,,,,,,,,,,,,,,40,45,15,,,,,4
61,二式上刹C,上刹C,Recon,1942,0,,,30,,,,,3,,,78,,,,,,,,1,,,,,,5
62,u晴,多用途水上C/水上爆C,Sp-bomb-small,1943,0,,16415,30,,,,,1,,10,50,,,,,,,112,,33,,,,,4
63,12.7cmB装hB型改二,小口径主h,Small-gun-flat,1933,2,,,10,,26,1,7,6,,1,,,18,110,,,,,11,,,,,,
64,Ju87C改,上爆C,Bomb-dive,1934,0,,16389,30,,,,,10,,,,,,,,,,90,,25,,,1,,4
65,15.2cmB装h,中口径主h,Mid-gun-flat,1942,11,,,30,,70,,9,30,,,,,22,50,,,,,15,,,,,,
66,8cm高角h,副h,Second-gun-flak,1938,10,,,30,,10,,1,20,,,,,13,260,,,,,56,,,,,,
68,大k油,上用舟艇,Landing-craft,1929,0,,,30,,,,,,,,,,,,,,,,,,,,,50,
69,カ号QyC,回翼C,Patrol-autogyro,1942,0,,,30,,,,,1,,,,,,,,,,,,81,,,,,1
70,三式指]BjC(潜),潜哨戒C,Patrol-liaison,1943,0,,,30,,,,,2,,,10,,,,,,,,,72,,,,,2
71,10cmB装高角h(h架),副h,Second-gun-flak,1944,3,,,10,,30,,1,5,,,,,20,150,,,,,72,,,,,,
72,Oバルジ(中型),Oバルジ(中型),Bulge-medium,1933,0,,,30,1,,12,,,,-2,,,,,,,,,,,,,,,
73,Oバルジ(大型),Oバルジ(大型),Bulge-large,1933,0,,,30,2,,20,,,,-3,,,,,,,,,,,,,,,
74,探照灯,探照灯,Searchlight,1921,0,,,30,,,,,,,,2,,,,,,,,,,,,,,
75,ドラム缶(送用),易送部材,Drum,1942,0,,,30,,,,,,,,,,,,,,,,,,,,,36,
76,38cmB装h,大口径主h,Big-gun,1934,0,,16389,30,,160,,19,30,,,,,36,23,,,,,10,,,,,,
77,15cmB装副h,副h,Second-gun-flat,1928,0,,16389,30,,45,7,9,20,,,,,23,80,,,,,2,,,,,,
78,12.7cmg装h,小口径主h,Small-gun-flat,1934,0,,16389,30,,21,,6,9,,,,,17,160,,,,,5,,,,,,
79,瑞(六三四空),多用途水上C/水上爆C,Sp-bomb,1944,26,,26,4,,,,,1,,,44,,,,,,,56,2,25,,,,,5
80,瑞12型,多用途水上C/水上爆C,Sp-bomb,1946,26,,,10,,,,,1,,,48,,,,,,,70,3,28,,,,,5
81,瑞12型(六三四空),多用途水上C/水上爆C,Sp-bomb,1946,79,,80,4,,,,,1,,,56,,,,,,,93,3,36,,,,,5
82,九七式攻(九三一空),上攻C,Bomb-torp,1943,16,,16,10,,,,,,,,12,,,,,,66,,,40,,,,,4
83,天山(九三一空),上攻C,Bomb-torp,1945,82,,17,4,,,,,,,,12,,,,,,97,,,40,,,,,5
84,2cm 四B装FlaK 38,空C|,AA-gun,1938,0,,16389,10,,,,,1,,,,,,,,,,,7,,,,,,
85,3.7cm FlaK M42,空C|,AA-cannon,1944,84,,,10,,1,,,1,,,,,,,,,,,8,,,,,,
86,艇修理施O,艇修理施O,Repair-fac,1939,0,,16470,4,,,,,,,,,,,,,,,,,,,,,,
87,新型高温高R缶,Cv部化,Engine-boiler,1943,34,,,20,,,,,,,180,,,,,3,,,,,,,,,,
88,22号水上探改四,小型探,Radar-small-flat,1945,28,,,10,,,,,72,,,27,,,,,,,,,2,,,,,
89,21号空探改,大型探,Radar-big-dual,1943,30,,,10,,,,,36,,1,56,,,,,,,,50,,,,,,
90,20.3cm(2号)B装h,中口径主h,Mid-gun-flat-ca,1930,6,,,10,,85,,12,12,,,,,28,40,,,,,30,,,,,,
91,12.7cmB装高角h(後期型),小口径主h,Small-gun-flak,1944,10,,,10,,24,,6,10,,6,,,15,140,,,,,65,10,,,,,
92,呈40mmB装C|,空C|,AA-gun,1934,191,,,10,,,,,,,1,,,,,,,,,6,,,,,,
93,九七式攻(友永),上攻C,Bomb-torp,1942,98,,16,2,,,,,30,,10,24,,,,,,112,,9,28,,,,,4
94,天山一二型(友永),上攻C,Bomb-torp,1945,93,,372,1,,,,,30,,10,30,,,,,,147,,14,32,,,,,5
95,潜水53cm首~雷(8T),潜水~雷,Torp-sub,1935,0,,16440,10,,,,,,25,,,,,,,160,,,,,,,,,
96,零式21型(熟),上殛LC,Fighter,1942,20,,20,10,,,,,15,,20,10,,,,,,,,80,,,,,,7
97,九九式爆(熟),上爆C,Bomb-dive,1942,23,,23,10,,,,,25,,5,24,,,,,,,70,5,23,,,,,4
98,九七式攻(熟),上攻C,Bomb-torp,1942,16,,16,10,,,,,20,,,12,,,,,,84,,,27,,,,,4
99,九九式爆(江草),上爆C,Bomb-dive,1942,97,,23,2,,,,,40,,10,34,,,,,,,100,,28,,,,,4
100,彗星(江草),上爆C,Bomb-dive,1945,99,,24,1,,,,,48,,20,40,,,,,,,135,15,28,,,,,5
101,照明,照明,Starshell,1928,0,,,30,,,,,,,,,,,,,,,,,,,,,,
102,九八式水上刹C(夜),水上刹C,Sp-recon-night,1938,0,,,10,,,,,10,,,28,,,,,,,,,1,,,,,6
103,u35.6cm三B装h,大口径主h,Big-gun,1934,7,,,4,,181,,19,18,,,,,32,20,,,,,50,,,,,,
104,35.6cmB装h(ダズル迷彩),大口径主h,Big-gun,1944,7,,,4,,163,,19,18,,40,,20,31,20,,,,,50,,,,,,
105,u41cm三B装h,大口径主h,Big-gun,1934,8,,,4,,220,,21,25,,,,,37,15,,,,,50,,,,,,
106,13号空探改,小型探,Radar-small-flak,1944,27,,,10,,,,,20,,1,20,,,,,,,,4,,,,,,
107,司令部施O,司令部施O,Command-fac,1943,0,,,-1,,,,,1,,1,1,,,,,,,,1,,,,,,
108,熟dC整T,航空要T,Aircraft-personnel,1935,0,,16415,2,,10,,,1,,,14,,40,,,,,,1,,,,,,
109,零52型丙(六一空),上殛LC,Fighter,1945,152,,21,10,,,,,5,,23,,,,,,,,,90,,,,,,6
110,烈L(六一空),上殛LC,Fighter,1947,109,,22,2,,,,,5,,20,,,,,,,,,110,,,,,,5
111,彗星(六一空),上爆C,Bomb-dive,1944,24,,24,10,,,,,15,,,10,,,,,,,105,,22,,,,,5
112,天山(六一空),上攻C,Bomb-torp,1944,17,,17,10,,,,,10,,,12,,,,,,103,,,22,,,,,5
113,流星(六一空),上攻C,Bomb-torp-dive,1946,112,,18,10,,,,,10,,,15,,,,,,132,,,26,,,,,6
114,38cmB装h改,大口径主h,Big-gun,1943,76,,,10,,175,,20,45,,,,,37,30,,,,,20,,,,,,
115,Ar196改,水上刹C,Sp-recon,1937,0,,16389,30,,,,,20,,,52,,,,,,,1,1,5,,,,,3
116,一式丶,化,AP-shell,1941,36,,,20,,9,,,2,,,,,,,,,,,,,,,,,
117,u46cmB装h,大口径主h,Superbig-gun,1934,105,,,4,,248,,25,22,,2,,,40,16,,,,,40,,,,,,
118,紫,水上刹C,Sp-recon,1943,59,,,4,,,,,12,,,80,,,,,,,1,,2,,,,,4
119,14cmB装h,中口径主h,Mid-gun-flat,1914,4,,,30,,55,,8,20,,,,,19,100,,,,,7,,,,,,
120,91式高射装置,高射装置,AA-control-device,1931,0,,,10,,,,,,,1,,,,,,,,,2,,,,,,
121,94式高射装置,高射装置,AA-control-device,1934,38,,,10,,,,,,,1,,,,,,,,,3,,,,,,
122,10cm高角h＋高射装置,小口径主h,Small-gun-flak,1942,3,121,,10,,35,,7,10,,5,,,20,160,,,,,100,,,,,,
123,SKC34 20.3cmB装h,中口径主h,Mid-gun-flat-ca,1934,0,,16389,30,,100,,12,28,,,,,34,45,,,,,28,,,,,,
124,FuMO25 レ`ダ`,大型探,Radar-big-dual,1944,0,,16389,4,,3,,,102,,,90,,,,,,,,75,,,,,,
125,61cm三B装(酸素)~雷,~雷,Torp,1937,13,,,30,,,1,,,35,10,,,,,,80,,,,,,,,,
126,WG42(Wurfger?t 42),地装,AL-rocket,1943,0,,16389,10,,1,-1,,,,,,,,,,,,,,,,,,,
127,uFaT仕九五式酸素~雷改,潜水~雷,Torp-sub,1944,0,,16389,4,,,,,,66,2,,,,,,124,,,,,,,,,
128,u51cmB装h,大口径主h,Supremebig-gun,1947,276,,,2,,300,,26,10,,-20,,,45,12,,,,,50,,,,,,
129,熟T,水上要T,Surface-personnel,1937,0,,16445,10,,,,,2,,3,2,,,,,,,,1,,,,,,
130,12.7cm高角h＋高射装置,副h,Second-gun-flak,1934,10,121,,10,,22,,1,18,,1,,,15,140,,,,,88,,,,,,
131,25mm三B装C| 集中配,空C|,AA-gun,1943,40,,,30,,,,,,,1,,,,,,,,,9,,,,,,
132,零式水中音C,大型ソナ`,Sonar-passive-big,1940,46,,,2,,,,,6,,1,5,,,,,,,,,112,,,,,
133,381mm/50 三B装h,大口径主h,Big-gun,1934,429,,,30,,210,,22,-30,,-5,,,44,13,,,,,20,,,,,,
134,OTO 152mm三B装速射h,副h,Second-gun-flat,1936,0,,16393,30,,80,2,10,15,,,,,26,50,,,,,2,,,,,,
135,90mmg装高角h,副h,Second-gun-flak,1939,0,,16393,10,,10,,1,10,,,,,13,160,,,,,80,,,,,,
136,プリエ`ゼ式水中防御隔壁,Oバルジ(大型),Bulge-large,1921,0,,16393,4,3,,24,,,,-1,,,,,,,,,,,,,,,
137,381mm/50 三B装h改,大口径主h,Big-gun,1940,133,,,10,,216,,23,-5,,-2,,,44,14,,,,,35,,,,,,
138,二式大艇,大型w行艇,Flyingboat,1942,0,,16415,3,,,,,1,,,160,,,,,,,,,16,,,,,20
139,15.2cmB装h改,中口径主h,Mid-gun-flat,1944,65,,,10,,72,,9,35,,,,,23,50,,,,,20,,,,,,
140,96式150cm探照灯,大型探照灯,Searchlight-big,1938,74,,,4,,,,,,,,35,,,,,,,,1,,,,,,
141,32号水上探改,大型探,Radar-big-flat,1946,31,,,10,,,,,96,,,108,,,,,,,,,,,,,,
142,15m二重y距x＋21号探改二,大型探,Radar-superbig-dual,1941,89,,,4,,1,2,,96,,1,70,,,,,,,,77,,,,,,
143,九七式攻(村田),上攻C,Bomb-torp,1941,98,,16,2,,,,,20,,10,24,,,,,,118,,8,28,,,,,4
144,天山(村田),上攻C,Bomb-torp,1945,143,,372,1,,,,,20,,10,24,,,,,,152,,12,32,,,,,5
145,殛LZ食,殛LZ食,Food,1921,0,,16461,-1,,,,,,,,,,,,,,,,,,,,,,
146,洋上ao,ao物Y,Underway-replenish,1921,10,,,-1,,,-2,,,,,,,,,,,,,,,,,,,
147,120mm／50 B装h,小口径主h,Small-gun-flat,1931,0,,16393,30,,22,,5,8,,,,,17,60,,,,,15,,,,,,
148,u南山,上爆C,Bomb-dive,1945,62,,,4,,,,,,,,21,,,,,,,110,10,21,,,2,,5
149,四式水中音C,ソナ`,Sonar-passive,1944,46,,,10,,,1,,1,,,4,,,,,,,,,120,,,,,
150,秋刀~の缶,殛LZ食,Food,1941,0,,16461,-1,,,,,,,,,,,,,,,,,,,,,,
151,u景(尚),上刹C,Recon,1945,0,,16415,2,,2,,,2,,,120,,,,,,,,,,,,,,8
152,零式52型(熟),上殛LC,Fighter,1944,182,,21,10,,,,,21,,20,10,,,,,,,,90,,,,,,6
153,零52型丙(付岩井小),上殛LC,Fighter,1944,152,,21,2,,,,,24,,25,12,,,,,,,,100,,,,,,6
154,零62型(爆/岩井),上爆C,Bomb-dive-fight-n2,1946,153,,60,1,,,,,15,,20,10,,,,,,,45,75,18,,,,,5
155,零21型(付岩本小),上殛LC,Fighter,1942,20,,20,1,,,,,22,,35,14,,,,,,,,90,,,,,,7
156,零52型甲(付岩本小),上殛LC,Fighter,1944,155,,21,1,,,,,25,,38,19,,,,,,,,110,,,,,,6
157,零式53型(岩本),上殛LC,Fighter,1947,156,,152,1,,,,,30,,4,32,,,,,,,,120,,,,,,6
158,Bf109T改,上殛LC,Fighter,1941,0,,16389,30,,1,,,,,40,,,,,,,,,80,,,,,,2
159,Fw190T改,上殛LC,Fighter,1944,354,,,30,,2,,,,,20,,,,,,,,,100,,,,,,3
160,10.5cmB装h,副h,Second-gun-flak,1933,26,,,30,,30,,1,20,,1,,,17,180,,,,,60,,,,,,
161,16inch三B装h Mk.7,大口径主h,Big-gun,1943,381,,,10,,240,1,,30,,,,,38,20,,,,,40,,,,,,
162,203mm/53 B装h,中口径主h,Mid-gun-flat-ca,1927,0,,16393,30,,95,,12,-20,,,,,31,38,,,,,10,,,,,,
163,Ro.43水,水上刹C,Sp-recon,1936,0,,16393,30,,1,,,20,,1,36,,,,,,,,1,2,,,,,3
164,Ro.44水上殛LC,水上殛LC,Sp-fight,1937,163,,,30,,,,,12,,20,20,,,,,,,,20,1,,,,,
165,二式水楦,水上殛LC,Sp-fight,1942,20,,,30,,,,,8,,20,10,,,,,,,,30,1,,,,,
166,大k油(八九式中檐＆殛),上用舟艇,Landing-craft,1932,68,,,10,,,,,,,,,,,,,,,,,,,,35,20,
167,特二式内火艇,特型内火艇,Landing-tank,1942,166,,,10,,,,,,,,,,,,,,,,,,,,40,8,
168,九六式攻,上攻C,Attack-lb,1936,0,,,30,,,,,,,,8,,,,,,80,100,16,10,,,,,8
169,一式攻,上攻C,Attack-lb,1941,168,,,30,,,,,,,,15,,,,,,100,115,20,10,,,,,9
170,一式攻(野中),上攻C,Attack-lb,1944,180,,169,1,,,,,1,,,24,,,,,,126,136,36,12,,,,,9
171,OS2U,水上刹C,Sp-recon,1939,304,,,30,,,,,20,,1,60,,,,,,,1,1,1,,,,,3
172,5inchB装h Mk.28 mod.2,副h,Second-gun-flak,1934,191,,,10,,40,1,1,24,,1,,,16,192,,,,,92,,,,,,
173,Bofors 40mm四B装Cvh,空C|,AA-cannon,1934,0,,16404,10,,1,1,,1,,2,,,,,,,,,11,,,,,,
174,53cmB装~雷,~雷,Torp,1921,0,,,30,,,,,,,36,,,,,,35,,,,,,,,,
175,雷,局地殛LC,Fighter-lb-interc,1943,21,,,30,,,,,,,,,,,,,,,,60,,2,7,,,2
176,三式 w燕,殛LC,Fighter-lb,1943,445,,,30,,,,,,,,,,,,,,,,78,,3,1,,,3
177,三式 w燕(w行第244殛),殛LC,Fighter-lb,1943,185,,176,1,,,,,,,,,,,,,,,,96,,4,5,,,4
178,PBY-5A Catalina,大型w行艇,Flyingboat,1935,0,,16394,3,,,,,2,,,128,,,,,,,,,12,,,,,10
179,u61cm六B装(酸素)~雷,~雷,Torp,1948,97,,,2,,,,,,80,,,,,,,135,,,,,,,,,
180,一式攻 二二型甲,上攻C,Attack-lb,1943,169,,,10,,,,,,,,20,,,,,,110,120,30,10,,,,,10
181,零式32型,上殛LC,Fighter,1942,20,,,30,,,,,,,20,,,,,,,,,55,,,,,,5
182,零式32型(熟),上殛LC,Fighter,1944,96,,181,10,,,,,18,,40,5,,,,,,,,85,,,,,,5
183,16inch三B装h Mk.7＋GFCS,大口径主h,Big-gun,1946,161,307,,4,,244,1,,70,,1,8,,39,20,,,,,45,,,,,,
184,Re.2001 OR改,上殛LC,Fighter,1941,0,,16393,30,,3,,,,,16,,,,,,,,,60,,,,,,6
185,三式 w燕一型丁,殛LC,Fighter-lb,1944,176,,,30,,,,,,,,,,,,,,,,88,,3,2,,,4
186,一式攻 三四型,上攻C,Attack-lb,1943,169,,,10,,,,,1,,,20,,,,,,115,125,40,10,,,,,8
187,y河,上攻C,Attack-lb,1944,0,,,4,,,,,1,,,15,,,,,,140,140,30,15,,,,,9
188,Re.2001 G改,上攻C,Bomb-torp-fight,1943,184,,,30,,3,,,,,2,,,,,,,40,,42,,,,,,3
189,Re.2005 改,上殛LC,Fighter,1943,184,,,10,,1,,,,,24,,,,,,,,,110,,,,,,3
190,38.1cm Mk.IB装h,大口径主h,Big-gun,1912,0,,16390,30,,180,,18,10,,,,,23,19,,,,,10,,,,,,
191,QF 2ポンド8B装ポンポンh,空C|,AA-gun,1925,0,,16390,10,,1,,,,,,,,,,,,,,10,,,,,,
192,38.1cm Mk.I/NB装h改,大口径主h,Big-gun,1934,190,,,30,,192,,19,20,,,,,26,20,,,,,25,,,,,,
193,特大k油,上用舟艇,Landing-craft,1938,68,,,10,,,,,,,,,,,,,,,,,,,,,70,
194,Laté 298B,多用途水上C/水上爆C,Sp-bomb,1937,0,,16392,30,,2,,,,,1,32,,,,,,40,60,1,10,,,,,4
195,SBD,上爆C,Bomb-dive,1939,0,,,30,,1,,,10,,10,12,,,,,,,60,15,15,,,,,4
196,TBD,上攻C,Bomb-torp,1937,0,,16394,30,,1,,,,,,10,,,,,,50,,,20,,,,,4
197,F4F-3,上殛LC,Fighter,1936,0,,16394,30,,1,,,,,5,,,,,,,,,40,,,,,,4
198,F4F-4,上殛LC,Fighter,1940,197,,,30,,1,,,2,,10,5,,,,,,,,50,,,,,,4
199,式景改,式殛L爆C,Bomb-dive-fight-jet,1946,151,,16439,2,,,,,5,,,19,,40,,,,,160,64,,,,,,3
200,橘花改,式殛L爆C,Bomb-dive-fight-jet,1947,199,,,2,,,,,,,1,3,,40,,,,,112,120,,,,,,2
201,紫一一型,局地殛LC,Fighter-lb-interc,1943,0,,,30,,,2,,,,,,,,,,,,,80,,1,1,,,3
202,紫二一型 紫改,局地殛LC,Fighter-lb-interc,1944,201,,,10,,,4,,,,,,,,,,,,,92,,3,2,,,4
203,本新O Oバルジ(中型),Oバルジ(中型),Bulge-medium,1941,72,,,10,2,,15,,,,-1,,,,,,,,,,,,,,,
204,本新O Oバルジ(大型),Oバルジ(大型),Bulge-large,1941,73,,,10,3,,25,,,,-2,,,,,,,,,,,,,,,
205,F6F-3,上殛LC,Fighter,1942,198,,,30,,1,,,6,,25,15,,,,,,,,80,,,,,,5
206,F6F-5,上殛LC,Fighter,1944,205,,,30,,1,,,8,,30,20,,,,,,,,100,,,,,,5
207,瑞(六三一空),多用途水上C/水上爆C,Sp-bomb,1944,26,,26,4,,,,,2,,,44,,,,,,,54,1,12,,,,,5
208,晴(六三一空),多用途水上C/水上爆C,Sp-bomb-small,1945,207,,62,4,,,,,2,,12,48,,,,,,,125,,16,,,,,4
209,彩(送用分解g),送C材,Tp-material,1944,0,,16446,-1,,,,,,,,,,,,,,,,,,,,,,
210,潜水搭d探＆水防式望hR,潜水装,Radar-sub,1943,0,,16440,30,,1,,,,26,88,24,,,,,,,,1,,,,,,
211,潜水搭d探＆逆探(E27),潜水装,Radar-sub,1944,210,,,10,,1,,,,32,108,30,,,,,,,,1,,,,,,
212,彩(|カロリン空),上刹C,Recon,1944,54,,,4,,1,,,2,,,112,,,,,,,,,,,,,,8
213,後期型首~雷(6T),潜水~雷,Torp-sub,1941,95,,,10,,,,,,30,1,,,,,,150,,,,,,,,,
214,熟音T＋後期型首~雷(6T),潜水~雷,Torp-sub,1941,213,,,4,,,,,,54,4,20,,,,,153,,,,,,,,,
215,Ro.44水上殛LCbis,水上殛LC,Sp-fight,1942,164,,,10,,,,,24,,40,35,,,,,,,,35,2,,,,,
216,二式水楦(熟),水上殛LC,Sp-fight,1942,165,,165,10,,,,,16,,35,15,,,,,,,,50,1,,,,,
217,L改,水上殛LC,Sp-fight,1943,20,202,,10,,,,,,,30,10,,,,,,,,45,,,,,,
218,四式 疾L,殛LC,Fighter-lb,1944,222,,,30,,,,,,,,,,,,,,,,100,,1,1,,,5
219,零式63型(爆),上爆C,Bomb-dive-fight,1946,60,,,10,,,,,,,,,,,,,,,50,50,10,,,,,4
220,8cm高角h改＋OC|,副h,Second-gun-flak,1939,66,49,,10,,10,,1,23,,1,,,14,265,,,,,78,,,,,,
221,一式 隼II型,殛LC,Fighter-lb,1941,0,,,30,,,,,,,,,,,,,,,,60,,2,,,,6
222,一式 隼III型甲,殛LC,Fighter-lb,1944,221,,,30,,1,,,,,,,,,,,,,,72,,3,1,,,6
223,一式 隼III型甲(54殛),殛LC,Fighter-lb,1944,222,,222,2,,2,,,,,,2,,,,,,,,93,,4,2,,,7
224,爆装一式 隼III型改(65殛),上攻C,Attack-lb-fight,1945,222,,,2,,3,,,4,,2,5,,,,,,,91,72,,,,,,5
225,一式 隼II型(64殛),殛LC,Fighter-lb,1942,221,,221,1,,1,,,,,,2,,,,,,,,112,,5,2,,,7
226,九五式爆雷,爆雷,Depthc-racks,1937,0,,,30,,,,,,,,,,,,,,,,,40,,,,,
227,二式爆雷,爆雷,Depthc-racks,1942,226,,,30,,,,,,,,,,,,,,,,,72,,,,,
228,九六式楦,上殛LC,Fighter,1942,19,,,10,,,,,3,,25,,,,,,,,,40,,,,,,4
229,12.7cmg装高角h(後期型),小口径主h,Small-gun-flak,1944,10,,,10,,22,,6,10,,6,,,15,140,,,,,60,10,,,,,
230,特大k油В檐第11B,上用舟艇,Landing-craft,1940,193,,,2,,,,,,,,,,,,,,,,,,,,45,,
231,30.5cm三B装h,大口径主h,Big-gun,1907,0,,16391,30,,150,1,15,5,,5,,,24,13,,,,,,,,,,,
232,30.5cm三B装h改,大口径主h,Big-gun,1930,231,,,30,,175,1,16,25,,10,,,28,18,,,,,30,,,,,,
233,F4U-1D,上爆C,Bomb-dive-fight,1942,277,,,10,,1,,,,,10,10,,,,,,,70,70,8,,,2,,6
234,15.5cm三B装副h改,副h,Second-gun-flat,1940,12,,,10,,72,,11,40,,1,,,28,60,,,,,5,,,,,,
235,15.5cm三B装h改,中口径主h,Mid-gun-flat,1940,5,,,10,,75,1,10,25,,4,,,28,60,,,,,25,,,,,,
236,41cm三B装h改,大口径主h,Big-gun,1939,105,,,10,,228,1,22,40,,,,,38,16,,,,,60,,,,,,
237,瑞(六三四空/熟),多用途水上C/水上爆C,Sp-bomb,1946,81,,79,2,,,,,1,,1,54,,,,,,,88,4,32,,,,,5
238,零式水上刹C11型乙,水上刹C,Sp-recon,1942,25,,,10,,1,,,24,,,56,,,,,,,,1,7,,,,,7
239,零式水上刹C11型乙(熟),水上刹C,Sp-recon,1944,238,,238,4,,2,,,30,,,84,,,,,,,,1,8,,,,,7
240,22号水上探改四(後期{整型),小型探,Radar-small-flat,1947,88,,,4,,1,,,90,,,36,,,,,,,,,2,,,,,
241,殛LZ食(特eなおにぎり),殛LZ食,Food,1943,145,,16461,-1,,,,,,,,,,,,,,,,,,,,,,
242,Swordfish,上攻C,Bomb-torp-n2,1936,367,,,30,,2,,,10,,,6,,,,,,32,,,20,,,,,4
243,Swordfish Mk.II(熟),上攻C,Bomb-torp-n2,1943,242,,,10,,3,,,30,,,12,,,,,,55,,,32,,,,,4
244,Swordfish Mk.III(熟),上攻C,Bomb-torp-n2,1944,243,,243,4,,4,,,40,,,28,,,,,,88,,,60,,,,,4
245,38cm四B装h,大口径主h,Big-gun,1935,0,,16392,30,,204,,20,20,,,,,41,17,,,,,10,,,,,,
246,38cm四B装h改,大口径主h,Big-gun,1940,245,,,10,,216,1,21,30,,,,,42,18,,,,,20,,,,,,
247,15.2cm三B装h,副h,Second-gun-flat,1930,0,,16392,30,,60,,9,30,,,,,27,75,,,,,1,,,,,,
248,Skua,上爆C,Bomb-dive,1938,0,,,30,,,,,,,12,,,,,,,,40,15,10,,,,,4
249,Fulmar,上殛LC,Fighter,1940,0,,16390,30,,1,,,16,,12,10,,,,,,,,30,10,,,,,4
250,Spitfire Mk.I,殛LC,Fighter-lb,1938,0,,16390,30,,1,,,,,,,,,,,,,,70,,1,3,,,4
251,Spitfire Mk.V,殛LC,Fighter-lb,1941,250,,,30,,1,,,,,,,,,,,,,,95,,2,4,,,5
252,Seafire Mk.III改,上殛LC,Fighter,1942,0,,16390,30,,1,1,,10,,22,,,,,,,,,90,,,,,,4
253,Spitfire Mk.IX(熟),殛LC,Fighter-lb,1943,251,,251,2,,1,,,,,,,,,,,,,,102,,4,3,,,4
254,F6F-3N,上殛LC,Fighter-night,1943,205,,16427,4,,,,,12,,25,20,,,,,,,,80,20,,,,,5
255,F6F-5N,上殛LC,Fighter-night,1945,206,,16427,4,,,,,14,,30,25,,,,,,,,100,25,,,,,5
256,TBF,上攻C,Bomb-torp,1942,196,,,30,,2,,,,,,10,,,,,,90,,5,30,,,,,6
257,TBM-3D,上攻C,Bomb-torp-night,1946,256,,16427,2,,2,,,20,,,20,,,,,,95,,5,44,,,,,6
258,夜g作楹娇找T,航空要T,Aircraft-personnel,1933,0,,16415,10,,1,1,,,,,8,,16,,,,,,,,,,,,
259,夜g作楹娇找T＋熟甲板T,航空要T,Aircraft-personnel,1940,258,,258,2,,3,2,,2,,1,,,36,,,,,,,,,,,,
260,Type124 ASDIC,ソナ`,Sonar-active,1936,0,,16390,30,,,,,2,,1,4,,,,,,,,,108,,,,,
261,Type144/147 ASDIC,ソナ`,Sonar-active,1942,260,,,10,,,,,3,,1,8,,,,,,,,,132,,,,,
262,HF/DF + Type144/147 ASDIC,ソナ`,Sonar-active,1944,261,,,3,,,,,3,,2,20,,,,,,,,,150,,,,,
263,紫改(三四三空) 殛L301,局地殛LC,Fighter-lb-interc,1944,202,,202,1,,,5,,,,,,,,,,,,,113,,5,3,,,4
264,紫改(三四三空) 殛L701,局地殛LC,Fighter-lb-interc,1944,202,,202,1,,,5,,,,,,,,,,,,,113,,5,3,,,4
265,紫改(三四三空) 殛L407,局地殛LC,Fighter-lb-interc,1944,202,,202,1,,,5,,,,,,,,,,,,,113,,5,3,,,4
266,12.7cmB装hC型改二,小口径主h,Small-gun-flat,1937,4099,,,10,,29,1,7,8,,1,,,18,110,,,,,8,,,,,,
267,12.7cmB装hD型改二,小口径主h,Small-gun-flat,1941,4100,,,10,,32,1,7,10,,1,,,18,110,,,,,13,,,,,,
268,北方迷彩(＋北方装),Oバルジ(中型),Bulge-medium,1942,0,,16391,10,,,10,,,,2,,,,,,,,,,,,,,,
269,u|海,上攻C,Patrol-lb,1944,83,,,4,,,,,,,,25,,,,,,,2,,100,,,,,8
270,|海(九一空),上攻C,Patrol-lb,1945,269,,269,1,,,,,1,,,30,,,,,,,2,,116,,,,,8
271,紫改四,上殛LC,Fighter,1945,55,,,4,,,1,,9,,36,,,,,,,,,105,,,,,,4
272,[牟筷 司令部,司令部施O,Command-fac,1944,0,,,-1,,,1,,1,,1,1,,,,,,,,,,,,,,
273,彩(伤),上刹C,Recon,1945,54,,,4,,,,,2,,,116,,,,,,,,2,,,,,,8
274,12cm30B装Mh改二,空C|,AA-gun,1945,51,,,10,,,1,,1,,3,,,,,,,,,8,,,,,,
275,10cmB装高角h改＋OC|,副h,Second-gun-flak,1944,71,40,,10,,32,1,1,15,,1,,,20,150,,,,,96,,,,,,
276,46cm三B装h改,大口径主h,Superbig-gun,1942,9,,,4,,272,2,26,25,,,,,42,15,,,,,90,,,,,,
277,FM-2,上爆C,Bomb-dive-fight,1942,0,,16394,30,,2,,,20,,20,,,,,,,,20,60,5,,,1,,4
278,SKレ`ダ`,大型探,Radar-big-dual,1943,0,,16396,4,,,,,13,,2,108,,,,,,,,84,,,,,,
279,SK＋SGレ`ダ`,大型探,Radar-big-dual,1943,278,315,,2,,1,,,40,,4,120,,24,,,,,,96,,,,,,
280,QF 4.7inchh Mk.XII改,小口径主h,Small-gun-flat,1928,0,,16390,30,,23,,5,10,,3,,,15,110,,,,,10,1,,,,,
281,51cmB装h,大口径主h,Supremebig-gun,1949,128,,,4,,320,2,27,16,,-10,,,45,15,,,,,50,,,,,,
282,130mm B-13B装h,小口径主h,Small-gun-flat,1935,0,,16391,30,,40,,9,5,,,,,25,120,,,,,10,,,,,,
283,533mm 三B装~雷,~雷,Torp,1938,0,,16391,30,,10,,,,,15,,,,,,50,,,,,,,,,
284,5inchg装h Mk.30,小口径主h,Small-gun-flak,1934,0,,16394,30,,21,,6,11,,4,,,16,150,,,,,60,,,,,,
285,61cm三B装(酸素)~雷後期型,~雷,Torp,1942,125,,,10,,,4,,,75,24,,,,,,90,,,,,,,,,
286,61cm四B装(酸素)~雷後期型,~雷,Torp,1943,15,,,10,,,4,,,75,8,,,,,,110,,,,,,,,,
287,三式爆雷投射C 集中配,爆雷,Depthc-projector,1944,45,,,4,,,,,,,,,,,,,,,,,118,,,,,
288,u15cm9B装潜Mh,爆雷,Depthc-projector,1945,0,,16384,2,,,,,1,,,,,,,,,,,,144,,,,,
289,35.6cm三B装h改(ダズル迷彩仕),大口径主h,Big-gun,1945,103,,,4,,192,,20,48,,65,,45,33,22,,,,,65,,,,,,
290,41cm三B装h改二,大口径主h,Big-gun,1943,236,,,4,,235,,23,50,,5,,,38,20,,,,,60,,,,,,
291,彗星二二型(六三四空),上爆C,Bomb-dive,1944,57,,57,4,,,,,20,,,,,1,,,,,105,10,24,,,,,5
292,彗星二二型(六三四空／熟),上爆C,Bomb-dive,1945,291,,291,2,,,,,35,,5,20,,1,,,,,120,25,29,,,,,6
293,12cmg装h改二,小口径主h,Small-gun-flat,1931,1,,,10,,19,,6,6,,1,,,16,70,,,,,8,,,,,,
294,12.7cmB装hA型改二,小口径主h,Small-gun-flat,1930,297,,,10,,24,1,7,4,,1,,,18,100,,,,,7,,,,,,
295,12.7cmB装hA型改三(r改修)＋高射装置,小口径主h,Small-gun-flak,1934,294,121,,4,,26,1,7,14,,1,,,18,120,,,,,8,,,,,,
296,12.7cmB装hB型改四(r改修)＋高射装置,小口径主h,Small-gun-flak,1940,4101,121,,4,,32,1,7,15,,3,,,18,120,,,,,9,,,,,,
297,12.7cmB装hA型,小口径主h,Small-gun-flat,1924,0,,,30,,20,,6,2,,,,,18,100,,,,,6,,,,,,
298,16inch Mk.I三B装h,大口径主h,Big-gun,1934,190,,,30,,216,1,,20,,,,,36,12,,,,,,,,,,,
299,16inch Mk.I三B装h＋AFCT改,大口径主h,Big-gun,1938,298,,,10,,224,1,,40,,,,,36,13,,,,,20,,,,,,
300,16inch Mk.I三B装h改＋FCR type284,大口径主h,Big-gun,1941,299,,,2,,240,1,,60,,2,5,,37,15,,,,,70,,,,,,
301,20B装7inch UP Rocket Launchers,空C|,AA-gun,1940,191,,,10,,,,,,,2,,,,,,,,,7,,,,,,
302,九七式攻(九三一空／熟),上攻C,Bomb-torp,1945,98,,82,2,,,,,20,,1,15,,,,,,88,,,48,,,,,4
303,Bofors15.2cmB装h Model1930,中口径主h,Mid-gun-flat,1930,0,,16404,30,,65,,10,25,,14,,,24,50,,,,,40,,,,,,
304,S9 Osprey,水上刹C,Sp-recon,1930,0,,,30,,,,,20,,,40,,,,,,,,1,2,,,,,3
305,Ju87C改二(KMX搭dC),上爆C,Bomb-dive,1944,64,,,10,,,,,25,,10,28,,,,,,,95,,45,,,1,,4
306,Ju87C改二(KMX搭dC／熟),上爆C,Bomb-dive,1945,305,,305,4,,,,,35,,12,30,,1,,,,,100,,50,,,2,,4
307,GFCS Mk.37,小型探,Radar-small-dual,1943,0,,16396,10,,2,1,,99,,2,30,,30,,,,,,7,,,,,,
308,5inchg装h Mk.30改＋GFCS Mk.37,小口径主h,Small-gun-flak,1943,313,307,,4,,36,,7,19,,8,36,,22,220,,,,,96,,,,,,
309,甲说 丙型,特殊潜航艇,Midget-sub,1944,41,,,10,,,,,,15,6,,,,,,140,,,,,,,,,
310,14cmB装h改,中口径主h,Mid-gun-flat,1930,119,,,10,,60,1,9,25,,2,,,20,110,,,,,10,,,,,,
311,二式上刹C,上刹C,Recon-lb,1942,0,,,10,,,,,2,,,88,,,,,,,,3,,,,,,8
312,二式上刹C(熟),上刹C,Recon-lb,1942,311,,311,4,,,1,,3,,,106,,,,,,,,3,,,,,,9
313,5inchg装h Mk.30 改,小口径主h,Small-gun-flak,1940,284,,,30,,29,,6,13,,2,,,17,180,,,,,77,,,,,,
314,533mm五B装~雷(初期型),~雷,Torp,1938,0,,16394,30,,5,1,,,5,10,,,,,,80,,,,,,,,,
315,SG レ`ダ`(初期型),小型探,Radar-small-dual,1942,0,,16396,10,,1,,,70,,6,38,,18,,,,,,3,3,,,,,
316,Re.2001 CB改,上爆C,Bomb-dive-fight,1942,184,,,30,,3,,,10,,15,,,,,,,,65,40,15,,,,,3
317,三式改,空化,AL-shell,1945,35,,,20,,3,,,1,,,,,,,,,,,6,,,,,,
318,41cmB装h改二,大口径主h,Big-gun,1941,8,,,4,,215,2,23,50,,10,,,38,18,,,,,50,,,,,,
319,彗星一二型(六三四空／三号爆搭dC),上爆C,Bomb-dive,1945,57,,79,4,,,,,5,,10,,,,,,,,120,30,10,,,2,,5
320,彗星一二型(三一号光管爆搭dC),上爆C,Bomb-dive-n2,1945,57,,16427,4,,,,,45,,,5,,,,,,,110,,,,,1,,5
322,瑞改二(六三四空),多用途水上C/水上爆C,Sp-bomb,1948,237,,81,4,,2,,,2,,1,56,,,,,,,100,4,37,,,,,5
323,瑞改二(六三四空／熟),多用途水上C/水上爆C,Sp-bomb,1949,322,,322,1,,2,,,3,,3,64,,,,,,,120,5,38,,,,,5
324,オ号QyC改,回翼C,Patrol-autogyro,1943,69,,,10,,1,,,1,,,,,,,,,,,,96,,,,,1
325,オ号QyC改二,回翼C,Patrol-autogyro,1944,324,,,4,,1,,,1,,,3,,,,,,,,,108,,,,,1
326,S-51J,回翼C,Patrol-autogyro,1947,0,,16396,2,,2,,,2,,,18,,,,,,,,,128,,,,,2
327,S-51J改,回翼C,Patrol-autogyro,1952,326,,,1,,2,,,3,,,24,,,,,,,,,144,,,,,2
328,35.6cmB装h改,大口径主h,Big-gun,1932,7,,,30,,170,2,19,36,,10,,,32,21,,,,,40,,,,,,
329,35.6cmB装h改二,大口径主h,Big-gun,1941,328,,,4,,176,2,20,54,,10,,,33,22,,,,,50,,,,,,
330,16inch Mk.IB装h,大口径主h,Big-gun,1921,507,,,30,,198,1,,10,,6,,,31,15,,,,,,,,,,,
331,16inch Mk.VB装h,大口径主h,Big-gun,1938,330,,,30,,210,2,,20,,1,,,35,15,,,,,20,,,,,,
332,16inch Mk.VIIIB装h改,大口径主h,Big-gun,1939,331,,,10,,212,2,,30,,2,,,35,15,,,,,60,,,,,,
333,烈L改,局地殛LC,Fighter-lb-interc,1945,4097,,,1,,,3,,,,,,,,,,,,,98,,2,6,,,4
334,烈L改(三五二空／熟),局地殛LC,Fighter-lb-interc,1945,333,,333,1,,,5,,,,,,,,,,,,,108,,4,7,,,4
336,烈L改二,上殛LC,Fighter,1947,53,,,2,,1,,,20,,8,,,,,,,,,130,,,,,,5
338,烈L改二戊型,上殛LC,Fighter-night,1948,336,,16427,2,,2,,,11,,24,5,,,,,,,,110,5,,,,,5
339,烈L改二戊型(一航椋熟),上殛LC,Fighter-night,1948,338,,338,1,,2,,,13,,32,13,,,,,,,,120,10,,,,,5
340,152mm／55 三B装速射h,中口径主h,Mid-gun-flat,1934,0,,16393,30,,90,1,9,15,,,,,25,40,,,,,20,,,,,,
341,152mm／55 三B装速射h改,中口径主h,Mid-gun-flat,1940,340,,,10,,96,1,9,35,,8,,,26,50,,,,,25,,,,,,
342,流星改(一航),上攻C,Bomb-torp-dive,1947,52,,52,2,,,,,10,,,20,,,,,,144,,20,30,,,,,6
343,流星改(一航椋熟),上攻C,Bomb-torp-dive,1948,342,,342,1,,,,,20,,10,32,,,,,,156,,28,36,,,,,6
344,九七式攻改 u三号戊型(空六号探改装C),上攻C,Bomb-torp-night,1943,82,,16427,10,,,,,10,,,20,,,,,,75,,,30,,,,,4
345,九七式攻改(熟) u三号戊型(空六号探改装C),上攻C,Bomb-torp-night,1944,344,,344,4,,,,,20,,,24,,,,,,92,,,34,,,,,4
346,二式12cm迫某h改,爆雷,Depthc-projector,1943,0,,16384,30,,,,,,,1,,,,,,,,,,30,,,,,
347,二式12cm迫某h改 集中配,爆雷,Depthc-projector,1944,346,,,4,,,-1,,,,1,,,,,,,,,,68,,,,,
348,d型 四式20cm地Mh,地装,AL-rocket,1944,0,,16401,30,,,-2,,,,,,,,,,,,,,,,,,,
349,四式20cm地Mh 集中配,地装,AL-rocket,1945,348,,,10,,1,-3,,,,,,,,,,,,,,,,,,,
350,Me163B,局地殛LC,Fighter-lb-interc,1942,0,,16389,4,,,,,,,,,,,,,,,,24,,,9,,,1
351,u 秋水,局地殛LC,Fighter-lb-interc,1945,350,,,1,,,,,,,,,,,,,,,,20,,,8,,,1
352,秋水,局地殛LC,Fighter-lb-interc,1947,351,,,2,,,,,,,,,,,,,,,,35,,,10,,,1
353,Fw190 A-5改(熟),上殛LC,Fighter,1944,354,,159,1,,2,,,15,,32,,,,,,,,,110,,,,,,4
354,Fw190 D-9,局地殛LC,Fighter-lb-interc,1944,0,,16389,4,,2,,,,,,,,,,,,,,123,,4,4,,,3
355,M4A1 DD,上用舟艇,Landing-craft,1942,0,,16396,2,,2,,,,,-1,,,,,,,,,,,,,50,,
356,8inch三B装h Mk.9,中口径主h,Mid-gun-flat-ca,1927,0,,16394,30,,105,,12,,,-4,,,29,30,,,,,15,,,,,,
357,8inch三B装h Mk.9 mod.2,中口径主h,Mid-gun-flat-ca,1939,356,,,10,,120,,12,8,,-2,,,30,40,,,,,20,,,,,,
358,5inch g装高角h群,副h,Second-gun-flak,1926,172,,,4,,20,2,1,15,,1,,,13,168,,,,,66,,,,,,
359,6inch B装速射h Mk.XXI,中口径主h,Mid-gun-flat,1931,0,,16390,30,,70,1,8,20,,8,,,23,70,,,,,30,,,,,,
360,Bofors 15cmB装速射h Mk.9 Model 1938,中口径主h,Mid-gun-flat,1938,0,,16469,30,,65,,9,30,,18,,,27,50,,,,,45,,,,,,
361,Bofors 15cmB装速射h Mk.9改＋g装速射h Mk.10改 Model 1938,中口径主h,Mid-gun-flat,1941,360,,,10,,75,-1,9,36,,26,,,28,60,,,,,51,,,,,,
362,5inchB装I用h(集中配),中口径主h,Mid-gun-flak,1934,0,,16394,4,,45,,7,16,,20,,,17,180,,,,,120,,,,,,
363,GFCS Mk.37＋5inchB装I用h(集中配),中口径主h,Mid-gun-flak,1943,362,307,,2,,48,,7,64,,32,28,,22,220,,,,,144,,,,,,
364,甲说 丁型改(蛟改),特殊潜航艇,Midget-sub,1945,309,,,2,,,,,,20,,20,,,,,168,,,,,,,,,
365,一式丶改,化,AP-shell,1945,116,,,10,,11,,,2,,,,,,,,,,,,,,,,,
366,12.7cmB装hD型改三,小口径主h,Small-gun-flat,1944,267,,,4,,37,1,7,15,,10,,,19,120,,,,,14,14,,,,,
367,Swordfish(水上C型),多用途水上C/水上爆C,Sp-bomb,1934,0,,16390,30,,2,,,1,,,24,,,,,,50,54,,20,,,,,3
368,Swordfish Mk.III改(水上C型),多用途水上C/水上爆C,Sp-bomb,1940,367,,,10,,4,,,2,,,60,,,,,,60,72,,30,,,,,3
369,Swordfish Mk.III改(水上C型／熟),多用途水上C/水上爆C,Sp-bomb,1940,367,,367,2,,4,,,3,,,45,,,,,,70,80,,36,,,,,3
370,Swordfish Mk.II改(水尚),水上刹C,Sp-recon,1937,242,,,30,,1,,,20,,,51,,,,,,,,,6,,,,,3
371,Fairey Seafox改,水上刹C,Sp-recon,1937,510,,,10,,2,,,20,,1,60,,,,,,,,1,3,,,,,3
372,天山一二型甲,上攻C,Bomb-torp,1944,17,,,30,,,,,,,,10,,,,,,93,,3,20,,,,,5
373,天山一二型甲改(空六号探改装C),上攻C,Bomb-torp-night,1945,372,,16427,5,,,,,10,,,24,,,,,,107,,5,30,,,,,5
374,天山一二型甲改(熟／空六号探改装C),上攻C,Bomb-torp-night,1945,373,,373,2,,,,,20,,10,32,,,,,,128,,12,35,,,,,5
375,XF5U,上殛LC,Fighter,1945,206,,,1,,,,,,,20,12,,,,,,,,125,,,,,,4
376,533mm五B装~雷(後期型),~雷,Torp,1943,314,,,10,,12,1,,,40,18,,,,,,112,,,,,,,,,
377,RUR-4A Weapon Alpha改,爆雷,Depthc-projector,1951,0,,16396,2,,,1,,1,,1,,,,,,,,,,173,,,,,
378,潜短~雷(作初期型),爆雷,Depthc-racks,1956,472,,,1,,,,,,,,,,,,,2,,,,200,,,,,
379,12.7cmg装高角h改二,小口径主h,Small-gun-flak,1945,229,,,4,,25,,7,13,,12,,,15,150,,,,,75,9,,,,,
380,12.7cmB装高角h改二,小口径主h,Small-gun-flak,1945,91,,,4,,27,,7,13,,12,,,15,150,,,,,80,9,,,,,
381,16inch三B装h Mk.6,大口径主h,Big-gun,1941,332,,,30,,220,1,,25,,,,,33,20,,,,,25,,,,,,
382,12cmg装高角hE型,小口径主h,Small-gun-flak,1943,48,,,30,,18,,6,1,,18,,9,14,80,,,,,55,1,,,,,
383,後期型53cm首~雷(8T),潜水~雷,Torp-sub,1942,95,,,4,,,,,,36,1,,,,,,192,,,,,,,,,
384,後期型潜水搭d探＆逆探,潜水装,Radar-sub,1945,211,,,4,,2,1,,,42,132,72,,,,,40,,,,,,,,,
385,16inch三B装h Mk.6 mod.2,大口径主h,Big-gun,1943,381,,,10,,228,2,,35,,,,,34,20,,,,,35,,,,,,
386,6inch三B装速射h Mk.16,中口径主h,Mid-gun-flat,1936,0,,16394,30,,70,1,8,20,,,,,24,80,,,,,20,,,,,,
387,6inch三B装速射h Mk.16 mod.2,中口径主h,Mid-gun-flat,1942,386,,,10,,80,1,9,32,,12,,,25,100,,,,,30,,,,,,
388,y河(江草),上攻C,Attack-lb,1944,187,,187,1,,,,,3,,,30,,,,,,150,157,37,24,,,,,9
389,TBM-3W＋3S,上攻C,Bomb-torp-night,1947,257,,16427,1,,3,,,30,,,50,,,,,,104,77,10,72,,,,,5
390,16inch三B装h Mk.6＋GFCS,大口径主h,Big-gun,1945,385,307,,4,,233,2,,60,,1,5,,34,20,,,,,40,,,,,,
391,九九式爆二二型,上爆C,Bomb-dive,1942,23,,,30,,,,,10,,,18,,,,,,,60,,16,,,1,,3
392,九九式爆二二型(熟),上爆C,Bomb-dive,1942,391,,391,10,,,,,32,,5,29,,,,,,,80,5,24,,,1,,3
393,120mm／50 B装h mod.1936,小口径主h,Small-gun-flat,1936,147,,,30,,25,,6,12,,1,,,18,70,,,,,17,,,,,,
394,120mm／50 B装h改 A.mod.1937,小口径主h,Small-gun-flat,1937,393,,,10,,27,,6,20,,2,,,19,80,,,,,20,,,,,,
395,深山,大型上C,Attack-lb-big,1943,0,,16415,2,,,,,,,,,,,,,,162,178,1,,,,,,12
396,深山改,大型上C,Attack-lb-big,1946,395,,,2,,,,,,,,,,,,,,180,192,2,,,,,,15
397,F地改装12.7cmB装高角h,小口径主h,Small-gun-flak,1946,380,,,2,,32,,7,17,,2,,,15,150,,,,,67,,,,,,
398,F地改装10cmB装高角h,小口径主h,Small-gun-flak,1946,122,,,2,,31,,7,16,,7,,,20,150,,,,,80,,,,,,
399,6inch Mk.XXIII三B装h,中口径主h,Mid-gun-flat,1931,359,,,30,,75,1,8,8,,8,,,23,70,,,,,20,,,,,,
400,533mm 三B装~雷(53-39型),~雷,Torp,1939,283,,,10,,15,,,,45,25,,,,,,65,,,,,,,,,
401,Do 17 Z-2,上攻C,Attack-lb,1934,0,,16389,30,,,,,,,,10,,,,,,,110,20,25,,,,,4
402,寒冷地装洌甲板要T,航空要T,Aircraft-personnel,1921,0,,16391,3,,,,,,,,,,,,,,,,,,,,,,
403,四式重爆 w,上攻C,Attack-lb,1944,0,,,4,,,,,1,,,20,,,,,,138,150,49,20,,,,,5
404,四式重爆 w(熟),上攻C,Attack-lb,1944,403,,403,4,,,,,2,,,25,,,,,,144,162,51,28,,,,,5
405,Do 217 E-5＋Hs293初期型,上攻C,Attack-lb,1940,401,,,4,,,,,2,,,26,,,,,,132,216,46,,,,,,4
406,Do 217 K-2＋Fritz-X,上攻C,Attack-lb,1943,401,,,2,,,,,2,,,18,,,,,,162,240,48,,,,,,4
407,15.2cmB装h改二,中口径主h,Mid-gun-flat,1945,139,,,10,,75,1,10,40,,4,,,24,60,,,,,25,,,,,,
408,装甲艇(AB艇),上用舟艇,Landing-craft,1928,0,,16401,2,,1,1,,,,,1,,,,,,,,,,,,35,25,
409,武装大k,上用舟艇,Landing-craft,1943,68,,,2,,1,,,1,,,,,,,,,,,1,,,,30,32,
410,21号空探改二,大型探,Radar-big-dual,1945,89,,,4,,,,,48,,4,72,,,,,,,,70,,,,,,
411,42号空探改二,大型探,Radar-big-dual,1945,32,,,4,,,,,72,,-1,63,,,,,,,,72,,,,,,
412,水雷殛 熟T,水上要T,Surface-personnel,1943,129,,129,4,,,,,2,,3,2,,16,,,36,,,1,,,,,,
413,精水雷殛 司令部,司令部施O,Command-fac,1943,0,,,-1,,,,,2,,,1,,,,,32,,,,,,,,,
414,SOC Seagull,水上刹C,Sp-recon,1935,304,,,30,,,,,20,,1,40,,,,,,,1,,1,,,,,3
415,SO3C Seamew改,水上刹C,Sp-recon,1942,414,,,10,,,,,30,,,72,,,,,,,,1,2,,,,,4
416,零式21型(台南空),局地殛LC,Fighter-lb-interc,1941,96,,96,1,,,,,,,,3,,,,,,,,108,,3,2,,,7
417,零式32型(台南空),局地殛LC,Fighter-lb-interc,1942,416,,182,1,,,,,,,,4,,,,,,,,128,,4,2,,,5
418,零式22型(251空),局地殛LC,Fighter-lb-interc,1942,416,,96,1,,,,,,,,4,,,,,,,,120,,4,2,,,7
419,SBD-5,上爆C,Bomb-dive,1943,195,,,30,,1,,,20,,15,31,,,,,,,70,20,20,,,,,4
420,SB2C-3,上爆C,Bomb-dive,1943,419,,,10,,2,,,10,,15,35,,,,,,,110,22,25,,,1,,5
421,SB2C-5,上爆C,Bomb-dive,1944,420,,,10,,2,,,25,,20,40,,,,,,,120,25,30,,,2,,6
422,FR-1 Fireball,上殛LC,Fighter,1945,0,,16396,1,,2,,,7,,28,,,,,,,,,110,,,,,,5
423,Fulmar(殛L刹/熟),上刹C,Recon-fight,1940,249,,,4,,2,,,3,,3,64,,,,,,,,4,24,,,,,4
424,Barracuda Mk.II,上攻C,Bomb-torp,1942,0,,,30,,,,,10,,,10,,,,,,68,,,26,,,,,4
425,Barracuda Mk.III,上攻C,Bomb-torp,1944,424,,,10,,,,,10,,,16,,,,,,64,,,48,,,,,5
426,305mm／46 B装h,大口径主h,Big-gun,1909,0,,16393,30,,144,1,16,10,,20,,,24,20,,,,,,,,,,,
427,305mm／46 三B装h,大口径主h,Big-gun,1909,426,,,30,,148,1,16,20,,10,,,24,20,,,,,,,,,,,
428,320mm／44 B装h,大口径主h,Big-gun,1937,426,,,30,,156,1,17,10,,20,,,29,20,,,,,,,,,,,
429,320mm／44 三B装h,大口径主h,Big-gun,1937,428,,,30,,160,1,17,20,,10,,,29,20,,,,,,,,,,,
430,65mm／64 g装速射h改,副h,Second-gun-flak,1939,0,,16393,10,,10,,1,5,,1,,,8,160,,,,,90,,,,,,
431,SM.79,上攻C,Attack-lb,1937,0,,16393,10,,,,,,,,10,,,,,,90,130,20,15,,,,,7
432,SM.79 bis,上攻C,Attack-lb,1942,431,,,10,,,,,,,,15,,,,,,118,138,30,20,,,,,8
433,SM.79 bis(熟),上攻C,Attack-lb,1942,432,,432,4,,,,,2,,,18,,,,,,130,144,35,24,,,,,8
434,Corsair Mk.II,上殛LC,Fighter,1942,233,,,30,,1,,,,,10,5,,,,,,,,100,,,,,,6
435,Corsair Mk.II(Ace),上殛LC,Fighter,1942,434,,434,2,,2,,,19,,20,20,,,,,,,,110,,,,,,6
436,大k油(II号檐／北アフリカ仕),上用舟艇,Landing-craft,1937,68,,16389,2,,1,,,1,,,,,,,,,,,,,,,40,,
437,u L,上殛LC,Fighter,1946,271,,,2,,,,,11,,6,,,,,,,,,130,,,,,,5
438,三式水中探信x改,ソナ`,Sonar-active,1945,47,,,10,,,4,,2,,1,8,,,,,,,,,113,,,,,
439,Hedgehog(初期型),爆雷,Depthc-racks,1942,0,,16390,4,,,-1,,3,,,,,,,,,,,,176,,,,,
440,21inch首~雷k射管6T(初期型),潜水~雷,Torp-sub,1931,0,,,30,,,,,,,2,,,,,,100,,,,,,,,,
441,21inch首~雷k射管6T(後期型),潜水~雷,Torp-sub,1943,440,,,10,,,,,,36,3,,,,,,140,,,,,,,,,
442,潜水後部~雷k射管4T(初期型),潜水~雷,Torp-sub,1931,0,,,30,,,,,,12,1,,,,,,62,,,,,,,,,
443,潜水後部~雷k射管4T(後期型),潜水~雷,Torp-sub,1943,442,,,10,,,,,,24,2,,,,,,94,,,,,,,,,
444,四式重爆 w＋イ号一型甲 T,上攻C,Attack-lb,1946,403,,16438,1,,,,,1,,,40,,,,,,153,198,50,18,,,,,5
445,二式} 屠,殛LC,Fighter-lb,1942,0,,,30,,,1,,,,,,,,,,,,,30,,1,4,,,3
446,二式} 屠 丙型,殛LC,Fighter-lb,1943,445,,,10,,,2,,,,,,,,,,,,,36,,2,6,,,3
447,零式64型(}座KMX搭dC),上爆C,Bomb-dive-fight,1946,219,,16389,2,,,,,,,,38,,,,,,,35,45,40,,,,,4
449,特大k油В一式h檐,上用舟艇,Landing-craft,1941,193,,,2,,2,,,,,,,,,,,,,,,,,,60,,
450,13号空探改(後期型),小型探,Radar-small-dual,1945,106,,,4,,,,,24,,3,26,,,,,,,,6,,,,,,
451,三式指]BjC改,潜哨戒C,Patrol-liaison,1945,70,,,10,,1,,,2,,,20,,,,,,,,,90,,,,,2
452,キ96,殛LC,Fighter-lb,1944,446,,,4,,,3,,,,,,,,,,,,,50,,4,6,,,3
453,キ102乙,上攻C,Attack-lb,1944,452,,,4,,4,,,4,,,3,,,,,,108,188,45,20,,,,,4
454,キ102乙改＋イ号一型乙 T,上攻C,Attack-lb,1946,453,,16438,1,,4,,,3,,,28,,,,,,146,204,38,22,,,,,4
455,u L12.7cmB装hA型改四,小口径主h,Small-gun-flat,1942,294,,,2,,38,,8,18,,,,,19,130,,,,,10,,,,,,
456,SG レ`ダ`(後期型),小型探,Radar-small-dual,1944,315,,315,10,,2,,,105,,6,45,,38,,,,,,3,4,,,,,
457,後期型首~雷(4T),潜水~雷,Torp-sub,1941,95,,,10,,,4,,,28,3,,,,,,120,,,,,,,,,
458,後期型探＆逆探＋シュノ`ケル装,潜水装,Radar-sub,1945,384,,,4,,2,8,,,48,150,64,,,,,44,,,,,,,,,
459,B-25,上攻C,Attack-lb,1941,0,,16396,10,,3,,,,,,20,,,,,,88,160,43,,,,,,7
460,15m二重y距x改＋21号探改二＋熟射闹]所,大型探,Radar-superbig-dual,1944,410,,142,2,,4,5,,108,,2,84,,,,,,,,80,,,,,,
461,熟音T＋後期型首~雷(4T),潜水~雷,Torp-sub,1941,457,,,4,,,8,,,50,5,20,,,,,135,,,,,,,,,
463,15.5cm三B装副h改二,副h,Second-gun-flat,1943,234,,,4,,75,5,12,60,,2,,,30,63,,,,,5,,,,,,
464,10cmB装高角h群 集中配,副h,Second-gun-flak-big,1943,275,,,4,,35,8,2,25,,2,,,20,170,,,,,120,,,,,,
465,u51cm三B装h,大口径主h,Supremebig-gun,1951,281,,,2,,360,2,27,-8,,-50,,,45,13,,,,,50,,,,,,
466,流星改(熟),上攻C,Bomb-torp-dive,1947,342,,52,2,,,,,10,,10,24,,,,,,138,,26,32,,,,,6
467,5inchB装h(副h配置)集中配,副h,Second-gun-flak-big,1940,172,,,4,,50,,2,40,,3,,,17,210,,,,,108,,,,,,
468,38cm四B装h改 deux,大口径主h,Big-gun,1944,246,,,4,,234,1,22,40,,,,,43,19,,,,,45,,,,,,
469,零式水上刹C11型乙改(夜),水上刹C,Sp-recon-night,1943,238,,,4,,1,,,24,,,56,,,,,,,,1,6,,,,,7
470,12.7cmB装hC型改三,小口径主h,Small-gun-flat,1942,266,,,4,,35,1,7,13,,2,,,19,120,,,,,9,18,,,,,
471,Loire 130M,水上刹C,Sp-recon-night,1936,0,,16392,10,,,,,24,,,36,,,,,,,,,3,,,,,3
472,Mk.32 潜~雷(Mk.2落射C),爆雷,Depthc-projector,1951,0,,16396,4,,,,,1,,,,,,,,1,,,,192,,,,,
473,F4U-2 Night Corsair,上殛LC,Fighter-night,1944,233,,,4,,1,,,18,,20,20,,,,,,,,90,28,,,,,6
474,F4U-4,上爆C,Bomb-dive-fight,1944,233,,,10,,2,,,,,10,20,,,,,,,60,100,15,,,1,,6
475,AU-1,上爆C,Bomb-dive-torp-fight,1945,474,,,4,,3,,,,,10,23,,,,,,60,120,90,25,,,,,6
476,F4U-7,上爆C,Bomb-dive-torp-fight,1945,474,,,4,,3,,,,,20,25,,,,,,80,110,100,20,,,,,6
477,熟甲板要T,航空要T,Aircraft-personnel,1925,0,,16415,10,,2,1,,1,,1,5,,,,,,,,1,,,,,,
478,熟甲板要T＋航空整T,航空要T,Aircraft-personnel,1940,477,,477,2,,7,3,,1,,1,12,,60,,,,11,11,1,10,,,,,
479,Mosquito FB Mk.VI,上攻C,Attack-lb-fight,1941,0,,16390,10,,,,,1,,,25,,,,,,54,180,55,23,,,,,7
480,Mosquito PR Mk.IV,上刹C,Recon-lb,1941,479,,,4,,,2,,2,,,45,,,,,,,,,,,,,,9
481,Mosquito TR Mk.33,上攻C,Bomb-torp-fight,1941,479,,,30,,,,,10,,10,30,,,,,,80,,48,32,,,,,7
482,特大k油ВIII号檐(北アフリカ仕),上用舟艇,Landing-craft,1941,193,,16389,2,,1,,,,,,,,,,,,,,1,,,,55,,
483,三式改二,空化,AL-shell,1948,317,,,10,,5,,,1,,1,,,,,,,,,7,,,,,,
484,四式重爆 w(熟)＋イ号一型甲 T,上攻C,Attack-lb,1946,404,,16438,1,,,,,3,,,40,,,,,,168,216,52,21,,,,,5
485,L改二,水上殛LC,Sp-fight,1946,217,,,4,,,,,10,,45,20,,,,,,,,60,,,,,,
486,零式64型(制空殛LC仕),上殛LC,Fighter,1945,109,,,4,,1,,,7,,30,9,,,,,,,,90,,,,,,5
487,零式64型(熟爆),上爆C,Bomb-dive-fight,1947,486,,219,2,,1,,,30,,,20,,,,,,,60,80,20,,,,,5
488,二式爆雷改二,爆雷,Depthc-racks,1944,227,,,10,,,6,,1,,1,,,,,,,,,,88,,,,,
489,一式 隼II型改(20殛),潜哨戒C,Patrol-liaison-f,1943,221,,,4,,2,,,,,3,,,,,,,,40,6,132,,,,,4
490,u 夜g瑞(攻淖),多用途水上C/水上爆C,Sp-bomb-night,1948,322,,,2,,3,,,2,,,60,,,,,,,108,4,37,,,,,4
491,一式 隼III型改(熟／20殛),潜哨戒C,Patrol-liaison-f,1945,489,,223,2,,2,,,1,,3,,,,,,,,49,7,168,,,,,4
492,零52型丙(八幡部),上殛LC,Fighter,1944,109,,21,2,,1,,,12,,25,,,,,,,,,100,,,,,,6
493,一式攻(八幡部),上攻C,Attack-lb,1944,492,,169,4,,,,,1,,,24,,,,,,116,128,34,12,,,,,9
494,特大k油Вチハ,上用舟艇,Landing-craft,1938,193,497,,2,,,,,,,,,,,,,,,,,,,,50,,
495,特大k油Вチハ改,上用舟艇,Landing-craft,1941,193,498,,2,,1,,,,,,,,,,,,,,,,,,55,,
496,i兵部,椴筷,Land-corps,1931,0,,,4,,,,,,,,,,,,,,,,,,,,60,,
497,九七式中檐(チハ),椴筷,Land-corps,1938,0,,,4,,,,,,,,,,,,,,,,,,,,65,,
498,九七式中檐 新h塔(チハ改),椴筷,Land-corps,1941,497,,,2,,,,,,,,,,,,,,,,,,,,70,,
499,i兵部＋チハ改,椴筷,Land-corps,1941,496,498,,2,,,,,,,,,,,,,,,,,,,,75,,
500,k装置(幕),dk装置,Smoke,1934,0,,,30,,,,,,,1,,108,,,,,,,,,,,,,
501,k装置改(幕),dk装置,Smoke,1941,500,,,10,,,,,,,3,,144,,,,,,,,,,,,,
502,35.6cmB装h改三(ダズル迷彩仕),大口径主h,Big-gun,1945,329,,,4,,180,2,20,60,,80,,60,34,23,,,,,65,,,,,,
503,35.6cmB装h改四,大口径主h,Big-gun,1947,329,,,4,,228,2,21,72,,15,,,35,24,,,,,50,,,,,,
504,y河(熟),上攻C,Attack-lb,1945,187,,187,4,,,,,2,,,18,,,,,,145,155,36,18,,,,,9
505,25mm空C|,空C|,AA-gun,1937,49,,,10,,,,,,,2,,,,,,,,,7,,,,,,
506,探装浈蕙攻(13号改＋22号探改四),小型探,Radar-small-dual,1945,88,106,,4,,,,,64,,2,24,,,,,,,,4,2,,,,,
507,14inch／45 B装h,大口径主h,Big-gun,1914,0,,16394,30,,160,1,,2,,6,,,21,15,,,,,,,,,,,
508,14inch／45 三B装h,大口径主h,Big-gun,1914,507,,,30,,192,1,,2,,,,,21,15,,,,,,,,,,,
509,12cmg装高角hE型改,小口径主h,Small-gun-flak,1945,382,,,30,,23,,6,7,,26,,16,14,90,,,,,78,2,,,,,
510,Walrus,水上刹C,Sp-recon-night,1933,0,,,4,,,,,10,,,42,,,,,,,,,4,,,,,3
511,21inch首~雷k射管4T(初期型),潜水~雷,Torp-sub,1931,0,,,30,,,,,,,4,,,,,,78,,,,,,,,,
512,21inch首~雷k射管4T(後期型),潜水~雷,Torp-sub,1943,511,,,10,,,,,,32,5,,,,,,124,,,,,,,,,
513,阻塞萸,防空萸,Ballon,1914,0,,,5,,,,,,,1,,,,,,,,,,,,,,,
514,特大k油ВIII号檐J型,上用舟艇,Landing-craft,1942,482,,,1,,2,,,1,,,,,,,,,,,1,,,,70,,
515,Sea Otter,水上刹C,Sp-recon-night,1938,510,,,2,,,,,28,,,53,,,,,,,,,6,,,,,4
516,Me 262 A-1a／R1,局地殛LC,Fighter-lb-interc,1944,0,,16389,1,,,,,,,,,,,,,,,30,15,,3,9,,,3
517,逆探(E27)＋22号水上探改四(後期{整型),小型探,Radar-small-flat,1948,240,,,1,,2,,,88,,5,40,,,,,,,,,4,,,,,
518,14cmB装h改二,中口径主h,Mid-gun-flat,1940,310,,,4,,75,2,10,42,,,,,21,112,,,,,10,,,,,,
519,SJレ`ダ`＋潜水司令塔装,潜水装,Radar-sub,1941,315,,,10,,,2,,,56,64,77,,,,,60,,,,,,,,,
520,u20.3cm(4号)B装h,中口径主h,Mid-gun-flat-ca,1944,50,,,4,,112,1,12,24,,,,,29,44,,,,,40,,,,,,
521,紫(熟),水上刹C,Sp-recon,1944,118,,118,2,,,,,24,,2,96,,,,,,,1,,4,,,,,5
522,零式小型水上C,水上刹C,Sp-recon-small,1938,0,,,30,,,,,12,,12,32,,,,,,,1,,1,,,,,3
523,零式小型水上C(熟),水上刹C,Sp-recon-small,1938,522,,522,10,,,,,18,,30,48,,,,,,,1,,2,,,,,3
524,12cmg装高角h＋25mmC|,副h,Second-gun-flak,1936,48,49,,10,,18,,1,6,,2,,,14,67,,,,,54,1,,,,,
525,特四式内火艇,特型内火艇,Landing-tank,1944,166,,,4,,,,,,,,,,,,,1,,,1,,,,55,12,
526,特四式内火艇改,特型内火艇,Landing-tank,1946,525,,,4,,,,,8,,,,,,,,3,,,2,,,,67,13,
527,Type281 レ`ダ`,大型探,Radar-big-dual,1941,0,,16390,10,,,,,40,,2,80,,,,,,,,81,,,,,,
528,Type274 射墓苤匹飑`ダ`,大型探,Radar-big-dual,1944,0,,16390,10,,2,1,,96,,2,76,,30,,,,,,48,,,,,,
529,12.7cmB装hC型改三H,小口径主h,Small-gun-flat,1947,470,,,3,,40,1,8,18,,4,,,19,125,,,,,60,36,,,,,
530,35.6cmB装h改三丙,大口径主h,Big-gun,1946,329,,,4,,216,4,20,54,,10,,,34,23,,,,,50,,,,,,
531,通信アンテナ,司令部施O,Command-fac,1943,0,,,-1,,,,,1,,,1,,,,,,,,,,,,,,
532,通信装置＆要T,司令部施O,Command-fac,1943,0,,,-1,,,,,,,,1,,,,,,,,,,,,,,
533,10cmB装高角h改＋高射装置改,小口径主h,Small-gun-flak,1947,122,,,2,,40,4,7,15,,15,,,20,166,,,,,112,,,,,,
534,13.8cmB装h,小口径主h,Small-gun-flat,1934,0,,16392,10,,40,,7,5,,,,,20,80,,,,,10,,,,,,
535,13.8cmB装h改,小口径主h,Small-gun-flat,1940,534,,,4,,50,,7,15,,,,,20,95,,,,,12,,,,,,
536,15.2cm三B装主h,中口径主h,Mid-gun-flat,1930,0,,16392,30,,72,,9,24,,1,,,27,75,,,,,2,,,,,,
537,15.2cm三B装主h改,中口径主h,Mid-gun-flat,1935,536,,,10,,88,,9,30,,3,,,27,80,,,,,10,,,,,,
538,Loire 130M改(熟),水上刹C,Sp-recon-night,1938,471,,471,4,,2,,,36,,,64,,,,,,,,1,5,,,,,3
539,SOC Seagull 後期型(熟),水上刹C,Sp-recon,1940,414,,414,2,,,,,32,,2,72,,,,,,,2,,3,,,,,4
540,零式水上刹C11型甲改二,水上刹C,Sp-recon-night,1946,469,,,2,,1,,,30,,,80,,,,,,,,1,4,,,,,7
541,SBD(Yellow Wings),上爆C,Bomb-dive,1939,195,,,4,,1,,,10,,10,12,,,,,,,64,15,15,,,,,4
542,TBD(Yellow Wings),上攻C,Bomb-torp,1937,196,,,4,,1,,,,,,10,,,,,,60,,,20,,,,,4
543,SBD VS-2(刹祜w行),上刹C,Recon,1942,195,,,4,,2,,,3,,3,60,,,,,,,60,2,5,,,,,4
544,SBD VB-2(爆娘w行),上爆C,Bomb-dive,1942,541,,,4,,3,,,23,,20,24,,,,,,,87,21,42,,,1,,4
545,天山一二型甲改二(村田／探装),上攻C,Bomb-torp-night,1948,374,,,1,,,,,30,,10,32,,,,,,162,,12,40,,,,,6
546,u 震(局地殛LC),局地殛LC,Fighter-lb-interc,1948,437,,,1,,,,,,,,,,,,,,,,144,,4,5,,,2
549,三式指]BjC改二,潜哨戒C,Patrol-liaison,1948,451,,,4,,2,,,2,,,32,,,,,,,2,,108,,,,,3
550,u 明星(加作C),上爆C,Bomb-dive,1945,23,,,2,,,,,,,,5,,,,,,,40,,20,,,1,,3
551,明星改,上爆C,Bomb-dive,1946,550,,,2,,,,,,,,10,,,,,,,50,,25,,,1,,4
552,九九式爆二二型改(夜g装gYC),上爆C,Bomb-dive-n2,1948,551,,,1,,,,,8,,10,36,,,,,,,60,,54,,,1,,4
553,10cmB装高角h改,小口径主h,Small-gun-flak,1946,3,,,10,,32,1,7,8,,1,,,20,152,,,,,75,,,,,,
554,九七式攻改(北|海航空),上攻C,Bomb-torp,1944,16,,,2,,,,,,,,12,,,,,,56,,,24,,,,,4
555,18cm／57 三B装主h,中口径主h,Mid-gun-flat,1932,0,,16391,10,,104,1,10,20,,,,,37,60,,,,,25,,,,,,
556,10cm／56 g装高角h(集中配),副h,Second-gun-flak,1940,0,,16391,4,,33,,1,16,,,1,,16,150,,,,,93,,,,,,
557,零式62型改(夜g爆),上爆C,Bomb-dive-fight-n2,1948,154,,,1,,,,,15,,10,12,,,,,,,54,40,18,,,,,4
558,零式62型改(熟／夜g爆),上爆C,Bomb-dive-fight-n2,1950,557,,,1,,,,,15,,20,24,,,,,,,66,56,26,,,,,5
559,Ju87 D-4(Fliegerass),上攻C,Bomb-torp,1939,64,,,10,,4,,,30,,10,18,,,,,,72,,7,36,,,,,4
560,Bf109 T-3(G),上殛LC,Fighter,1942,158,,,4,,1,,,18,,42,,,,,,,,,91,,,,,,2
561,Ho229,式殛L爆C,Bomb-dive-fight-jet,1945,0,,16439,1,,3,,,,,25,36,,80,,,,,192,88,,,,,,4
4097,u烈L 初期型,上殛LC,Fighter,1943,0,,16415,4,,,,,2,,,,,,,,,,,85,,,,,,5
4098,h征 司令部,司令部施O,Command-fac,1925,0,,,-1,,,,,,,,,,,,,,,,,,,,,,
4099,12.7cmB装hC型,小口径主h,Small-gun-flat,1933,2,,,30,,25,,6,4,,,,,18,100,,,,,7,,,,,,
4100,12.7cmB装hD型,小口径主h,Small-gun-flat,1936,4099,,,30,,27,,6,5,,,,,18,100,,,,,12,,,,,,
4101,12.7cmB装hB型改三,小口径主h,Small-gun-flat,1937,63,,,4,,30,1,7,10,,2,,,18,110,,,,,12,,,,,,
4102,14cmg装副h,副h,Second-gun-flat,1914,0,,,30,,25,,8,15,,,,,19,100,,,,,5,,,,,,
4103,本新O Oバルジ(小型),Oバルジ(小型),Bulge-small,1941,203,,,10,1,,8,,,,,,,,,,,,,,,,,,,
16384,ASW,,Virtual-precondition,,0,,,,,,,,,,,,,,,,,,,,,,,,,
16389,DE-0,,Virtual-precondition,,0,,,,,,,,,,,,,,,,,,,,,,,,,
16390,GB-0,,Virtual-precondition,,0,,,,,,,,,,,,,,,,,,,,,,,,,
16391,SU-0,,Virtual-precondition,,0,,,,,,,,,,,,,,,,,,,,,,,,,
16392,FR-0,,Virtual-precondition,,0,,,,,,,,,,,,,,,,,,,,,,,,,
16393,IT-0,,Virtual-precondition,,0,,,,,,,,,,,,,,,,,,,,,,,,,
16394,US-0,,Virtual-precondition,,0,,,,,,,,,,,,,,,,,,,,,,,,,
16396,US-1,,Virtual-precondition,,16394,,,,,,,,,,,,,,,,,,,,,,,,,
16401,ANTILAND,,Virtual-precondition,,0,,,,,,,,,,,,,,,,,,,,,,,,,
16402,JETGUN,,Virtual-precondition,,0,,,,,,,,,,,,,,,,,,,,,,,,,
16404,SW-0,,Virtual-precondition,,0,,,,,,,,,,,,,,,,,,,,,,,,,
16415,AVIATION,,Virtual-precondition,,0,,,,,,,,,,,,,,,,,,,,,,,,,
16427,NIGHTPLANE,,Virtual-precondition,,0,,,,,,,,,,,,,,,,,,,,,,,,,
16438,MISSILE,,Virtual-precondition,,0,,,,,,,,,,,,,,,,,,,,,,,,,
16439,JET,,Virtual-precondition,,0,,,,,,,,,,,,,,,,,,,,,,,,,
16440,SUB,,Virtual-precondition,,0,,,,,,,,,,,,,,,,,,,,,,,,,
16445,PERSONNEL,,Virtual-precondition,,0,,,,,,,,,,,,,,,,,,,,,,,,,
16446,EVENT,,Virtual-precondition,,0,,,,,,,,,,,,,,,,,,,,,,,,,
16461,FOOD,,Virtual-precondition,,0,,,,,,,,,,,,,,,,,,,,,,,,,
16469,NE-0,,Virtual-precondition,,0,,,,,,,,,,,,,,,,,,,,,,,,,
16470,REPAIR,,Virtual-precondition,,0,,,,,,,,,,,,,,,,,,,,,,,,,
