State Name,Owner Tag,Country Name,ZoneID,population,RawE,RawO,RawA,RawR,RawW,RawS,RawC,E,O,Al,R,W,S,C
Kabul,AFG,Afghanistan,1051,"4,642,801",3,,,,4.32,,,1.732050808,0,0,0,1.454922678,0,0
Herat,AFG,Afghanistan,1051,"1,634,853",0,,,,,,,0,0,0,0,0,0,0
Albania,ALB,Albania,1034,"494,470",2,6.72,1.68,,,,1.68,1.414213562,7.776888838,1.29614814,0,0,0,0.64807407
Shkodër,ALB,Albania,1034,"247,234",1,,1.4,,,,1.4,1,0,1.183215957,0,0,0,0.591607978
Northern Epirus,ALB,Albania,1034,"262,520",0,,,,,,,0,0,0,0,0,0,0
Buenos Aires,ARG,Argentina,1049,"5,603,198",8,,,,,,,2.828427125,0,0,0,0,0,0
Santa Fe,ARG,Argentina,1049,"3,000,828",2,10.08,,,,,,1.414213562,9.52470472,0,0,0,0,0
Región Mesopotámica,ARG,Argentina,1049,"1,498,997",1,2.88,,4.32,,,,1,5.091168825,0,2.078460969,0,0,0
Chaco Austral,ARG,Argentina,1049,"705,101",1,,,,36,4.8,,1,0,0,0,4.2,2.19089023,0
Mendoza,ARG,Argentina,1049,"1,091,605",1,,,,,,,1,0,0,0,0,0,0
Tucuman,ARG,Argentina,1049,"1,142,704",1,,,,,,,1,0,0,0,0,0,0
Los Andes,ARG,Argentina,1049,"782,265",1,,,,,,,1,0,0,0,0,0,0
Chubut,ARG,Argentina,1049,"395,522",0,5.76,,,,,,0,7.2,0,0,0,0,0
Río Negro,ARG,Argentina,1049,"471,575",0,4.32,,,,,,0,6.235382907,0,0,0,0,0
Santa Cruz,ARG,Argentina,1049,"132,161",0,3.6,,,,,,0,5.692099788,0,0,0,0,0
Tierra del Fuego,ARG,Argentina,1049,"80,864",0,1.2,,,,,,0,3.286335345,0,0,0,0,0
Formosa,ARG,Argentina,1049,"500,610",0,,,,6,2.4,,0,0,0,0,1.71464282,1.549193338,0
San Juan y La Rioja,ARG,Argentina,1049,"882,387",0,,,,,,,0,0,0,0,0,0,0
San Luis y La Pampa,ARG,Argentina,1049,"603,138",0,,,,,,,0,0,0,0,0,0,0
New South Wales,AST,Australia,1029,"2,566,229",8,,,,,,,2.828427125,0,0,0,0,0,0
Victoria,AST,Australia,1029,"2,222,209",7,,,,,15.36,7.68,2.645751311,0,0,0,0,3.919183588,1.385640646
Queensland,AST,Australia,1029,"817,797",1,,,,46.08,,,1,0,0,0,4.75175757,0,0
Western Australia,AST,Australia,1029,"317,587",1,,,,,,,1,0,0,0,0,0,0
Northern Territory,AST,Australia,1029,"13,016",0,,,,,36.96,,0,0,0,0,0,6.079473661,0
Bismarck,AST,Australia,1029,"346,062",0,,,,,,,0,0,0,0,0,0,0
Central Australia,AST,Australia,1029,"30,037",0,,,,,,,0,0,0,0,0,0,0
North Queensland,AST,Australia,1029,"100,122",0,,,,,,,0,0,0,0,0,0,0
North West Australia,AST,Australia,1029,"1,001",0,,,,,,,0,0,0,0,0,0,0
Papua,AST,Australia,1029,"1,078,315",0,,,,,,,0,0,0,0,0,0,0
Solomon Islands,AST,Australia,1029,"150,183",0,,,,,,,0,0,0,0,0,0,0
South Australia,AST,Australia,1029,"201,045",0,,,,,,,0,0,0,0,0,0,0
South West Australia,AST,Australia,1029,"50,061",0,,,,,,,0,0,0,0,0,0,0
South West Queensland,AST,Australia,1029,"10,012",0,,,,,,,0,0,0,0,0,0,0
Tasmania,AST,Australia,1029,"224,273",0,,,,,,,0,0,0,0,0,0,0
Lower Austria,AUS,Austria,1036,"2,599,152",8,2.16,,,,,,2.828427125,4.409081537,0,0,0,0,0
Upper Austria,AUS,Austria,1036,"2,278,155",3,,1.92,,,28.8,,1.732050808,0,1.385640646,0,0,5.366563146,0
Tyrol,AUS,Austria,1036,"1,502,818",1,,,,,,,1,0,0,0,0,0,0
Vorarlberg,AUS,Austria,1036,"154,542",1,,,,,,,1,0,0,0,0,0,0
Vlaanderen,BEL,Belgium,1038,"4,753,496",12,,,,,48,,3.464101615,0,0,0,0,6.92820323,0
Wallonie,BEL,Belgium,1038,"3,385,428",5,,,,,,,2.236067977,0,0,0,0,0,0
Leopoldville,BEL,Belgium,1054,"1,949,899",1,,,,,,,1,0,0,0,0,0,0
Rwanda,BEL,Belgium,1054,"1,718,659",0,,,,3.6,,,0,0,0,0,1.328156617,0,0
Elisabethville,BEL,Belgium,1054,"709,054",0,,,,2.4,,,0,0,0,0,1.084435337,0,0
Coquilhatville,BEL,Belgium,1054,"1,696,042",0,,,6,,,,0,0,0,2.449489743,0,0,0
Costermansville,BEL,Belgium,1054,"710,902",0,,,3.6,,,,0,0,0,1.897366596,0,0,0
Stanleyville,BEL,Belgium,1054,"1,658,771",0,,,3.6,,,,0,0,0,1.897366596,0,0,0
Burundi,BEL,Belgium,1054,"2,148,350",0,,,,,,,0,0,0,0,0,0,0
Lusambo,BEL,Belgium,1054,"886,318",0,,,,,,,0,0,0,0,0,0,0
Bhutan,BHU,Bhutan,1030,"450,549",3,,,,2.88,,,1.732050808,0,0,0,1.187939392,0,0
La Paz,BOL,Bolivian Republic,1048,"2,046,996",6,,,,100.8,3.36,,2.449489743,0,0,0,7.027944223,1.833030278,0
Santa Cruz,BOL,Bolivian Republic,1048,"334,908",1,,,,,,,1,0,0,0,0,0,0
Singapore,MAL,British Malaya,1027,"2,896,732",1,,25.2,574.56,317.52,33.6,,1,0,5.019960159,23.96998123,12.47336362,5.796550698,0
North Borneo,MAL,British Malaya,1028,"890,886",0,20.16,,67.2,,,,0,13.46996659,0,8.197560613,0,0,0
West Bengal,RAJ,British Raj,1030,"18,801,022",2,,,,,24.96,,1.414213562,0,0,0,0,4.995998399,0
East Bengal,RAJ,British Raj,1030,"32,012,330",2,,,,,,,1.414213562,0,0,0,0,0,0
Gujarat,RAJ,British Raj,1030,"10,603,127",1,5.04,,,,,,1,6.734983296,0,0,0,0,0
Orissa,RAJ,British Raj,1030,"14,537,825",1,,1.68,,,42,33.6,1,0,1.29614814,0,0,6.480740698,2.898275349
Mysore,RAJ,British Raj,1030,"12,363,273",1,,,,,,16.8,1,0,0,0,0,0,2.049390153
Hyderabad,RAJ,British Raj,1030,"14,030,506",1,,,,,,10.08,1,0,0,0,0,0,1.587450787
Burma,RAJ,British Raj,1030,"10,735,589",1,,,5.04,154.56,,,1,0,0,2.244994432,8.70255135,0,0
Madurai,RAJ,British Raj,1030,"29,183,080",1,,,36.48,,,,1,0,0,6.039867548,0,0,0
Bombay,RAJ,British Raj,1030,"17,376,786",1,,,,,,,1,0,0,0,0,0,0
Delhi,RAJ,British Raj,1030,"31,174,809",1,,,,,,,1,0,0,0,0,0,0
Indore,RAJ,British Raj,1030,"8,412,757",1,,,,,,,1,0,0,0,0,0,0
Lucknow,RAJ,British Raj,1030,"33,531,883",1,,,,,,,1,0,0,0,0,0,0
Madras,RAJ,British Raj,1030,"15,810,977",1,,,,,,,1,0,0,0,0,0,0
Rajahsthan,RAJ,British Raj,1030,"11,800,387",1,,,,,,,1,0,0,0,0,0,0
Sind,RAJ,British Raj,1030,"3,891,745",1,,,,,,,1,0,0,0,0,0,0
Assam,RAJ,British Raj,1030,"8,988,058",0,8.4,,,,,,0,8.694826048,0,0,0,0,0
Jabalpur,RAJ,British Raj,1030,"14,140,340",0,,,,,,6.72,0,0,0,0,0,0,1.29614814
Mandalay,RAJ,British Raj,1030,"3,949,415",0,,,,201.6,,,0,0,0,0,9.939014036,0,0
Arunachal Pradesh,RAJ,British Raj,1025,"200,244",0,,,,,,,0,0,0,0,0,0,0
Baluchistan,RAJ,British Raj,1030,"464,066",0,,,,,,,0,0,0,0,0,0,0
Bihar,RAJ,British Raj,1030,"36,619,147",0,,,,,,,0,0,0,0,0,0,0
Kashmir,RAJ,British Raj,1030,"2,126,292",0,,,,,,,0,0,0,0,0,0,0
Northern Kashmir,RAJ,British Raj,1030,"1,417,528",0,,,,,,,0,0,0,0,0,0,0
Peshawar,RAJ,British Raj,1030,"4,690,118",0,,,,,,,0,0,0,0,0,0,0
Punjab,RAJ,British Raj,1030,"13,681,681",0,,,,,,,0,0,0,0,0,0,0
Quetta,RAJ,British Raj,1030,"405,595",0,,,,,,,0,0,0,0,0,0,0
Sofia,BUL,Bulgaria,1034,"1,688,047",6,,3.84,,,,,2.449489743,0,1.959591794,0,0,0,0
Plovdiv,BUL,Bulgaria,1034,"1,817,151",5,,,,,,1.68,2.236067977,0,0,0,0,0,0.64807407
Burgas,BUL,Bulgaria,1034,"1,360,052",2,,,,,,,1.414213562,0,0,0,0,0,0
Moesia,BUL,Bulgaria,1034,"1,220,268",1,,,,,,,1,0,0,0,0,0,0
Santiago,CHL,Chile,1049,"2,638,363",6,,,,15.36,26.88,7.68,2.449489743,0,0,0,2.743428512,5.184592559,1.385640646
Antofagasta,CHL,Chile,1049,"424,122",3,,,,80.64,,,1.732050808,0,0,0,6.28598441,0,0
Araucanía,CHL,Chile,1049,"1,301,587",2,,,,,40.32,,1.414213562,0,0,0,0,6.349803147,0
Magallanes,CHL,Chile,1049,"34,388",1,2.88,,,,,,1,5.091168825,0,0,0,0,0
Arica y Tarapacá,CHL,Chile,1049,"340,415",1,,,,20.16,,,1,0,0,0,3.142992205,0,0
Atacama,CHL,Chile,1049,"283,951",1,,,,,,,1,0,0,0,0,0,0
Aysén,CHL,Chile,1049,"34,389",0,1.2,1.2,,,,,0,3.286335345,1.095445115,0,0,0,0
Easter Island,CHL,Chile,1049,"6,608",0,,,,,,,0,0,0,0,0,0,0
Sichuan,CHI,China,1025,"53,027,952",6,,,,,25.2,,2.449489743,0,0,0,0,5.019960159,0
Hubei,CHI,China,1025,"25,572,779",5,,,,,,,2.236067977,0,0,0,0,0,0
Hunan,CHI,China,1025,"20,318,473",4,,,,11.52,,,2,0,0,0,2.375878785,0,0
Changde,CHI,China,1025,"8,009,766",3,,,,,,,1.732050808,0,0,0,0,0,0
Guizhou,CHI,China,1025,"7,552,408",3,,,,,,,1.732050808,0,0,0,0,0,0
Beijing,CHI,China,1025,"9,660,178",2,,,,,,,1.414213562,0,0,0,0,0,0
Henan,CHI,China,1025,"34,331,658",2,,,,,,,1.414213562,0,0,0,0,0,0
Jiangxi,CHI,China,1025,"15,839,712",2,,,,,,,1.414213562,0,0,0,0,0,0
Shanghai,CHI,China,1025,"17,326,224",2,,,,,,,1.414213562,0,0,0,0,0,0
Anhui,CHI,China,1025,"18,287,697",1,,,,,19.8,,1,0,0,0,0,4.449719092,0
Fujian,CHI,China,1025,"11,769,950",1,,,,,,,1,0,0,0,0,0,0
Qingdao,CHI,China,1025,"385,470",1,,,,,,,1,0,0,0,0,0,0
Shandong,CHI,China,1025,"38,420,042",1,,,,,,,1,0,0,0,0,0,0
Xikang,CHI,China,1025,"368,649",0,2.4,,,,,,0,4.647580015,0,0,0,0,0
Ganzi,CHI,China,1025,"300,366",0,,,,,,,0,0,0,0,0,0,0
Hebei,CHI,China,1025,"18,457,404",0,,,,,,,0,0,0,0,0,0,0
Huangshan,CHI,China,1025,"5,006,104",0,,,,,,,0,0,0,0,0,0,0
Jiangsu,CHI,China,1025,"23,698,193",0,,,,,,,0,0,0,0,0,0,0
Liangshan,CHI,China,1025,"300,366",0,,,,,,,0,0,0,0,0,0,0
Xian,CHI,China,1025,"9,010,986",0,,,,,,,0,0,0,0,0,0,0
Zhejiang,CHI,China,1025,"21,256,616",0,,,,,,,0,0,0,0,0,0,0
Zunyi,CHI,China,1025,"1,501,831",0,,,,,,,0,0,0,0,0,0,0
Cundinamarca,COL,Colombia,1046,"4,959,095",6,,,,,,,2.449489743,0,0,0,0,0,0
La Libertad,COL,Colombia,1046,"2,830,232",2,25.2,,,,,,1.414213562,15.05988048,0,0,0,0,0
Meta,COL,Colombia,1046,"213,420",0,,,,,,,0,0,0,0,0,0,0
Shaanxi,PRC,Communist China,1025,"7,014,752",6,,,,4.32,4.32,,2.449489743,0,0,0,1.454922678,2.078460969,0
Costa Rica,COS,Costa Rica,1045,"504,471",3,,,,,,1.68,1.732050808,0,0,0,0,0,0.64807407
Cuba,CUB,Cuba,1045,"3,612,323",4,,,,,5.04,151.2,2,0,0,0,0,2.244994432,6.14817046
Western Slovakia,CZE,Czechoslovakia,1035,"1,232,002",5,,,,1.92,,,2.236067977,0,0,0,0.969948452,0,0
Southern Slovakia,CZE,Czechoslovakia,1035,"855,343",3,,,,,20.8,4.8,1.732050808,0,0,0,0,4.5607017,1.095445115
Eastern Slovakia,CZE,Czechoslovakia,1035,"1,199,262",2,,,,,,,1.414213562,0,0,0,0,0,0
Carpathian Ruthenia,CZE,Czechoslovakia,1035,"855,343",0,,,,,,,0,0,0,0,0,0,0
Bohemia,CZE,Czechoslovakia,1036,"4,498,084",7,,,,,10.8,,2.645751311,0,0,0,0,3.286335345,0
Moravia,CZE,Czechoslovakia,1036,"2,601,572",4,4.32,,,,8.64,,2,6.235382907,0,0,0,2.939387691,0
Sudetenland,CZE,Czechoslovakia,1036,"2,833,455",2,,,,,8.64,,1.414213562,0,0,0,0,2.939387691,0
Eastern Sudetenland,CZE,Czechoslovakia,1036,"821,001",1,,,,,,,1,0,0,0,0,0,0
Zaolzie,CZE,Czechoslovakia,1036,"152,186",1,,,,,,,1,0,0,0,0,0,0
Faroe Islands,DEN,Denmark,1039,"25,932",0,,,,,,,0,0,0,0,0,0,0
Sjaelland,DEN,Denmark,1040,"1,493,042",7,,,,,,,2.645751311,0,0,0,0,0,0
Fyn,DEN,Denmark,1040,"497,680",2,,,,,,,1.414213562,0,0,0,0,0,0
Jylland,DEN,Denmark,1040,"1,255,708",2,,,,,,,1.414213562,0,0,0,0,0,0
Sønderjylland,DEN,Denmark,1040,"418,568",2,,,,,,,1.414213562,0,0,0,0,0,0
Bornholm,DEN,Denmark,1040,"45,875",1,,,,,,,1,0,0,0,0,0,0
Greenland,DEN,Denmark,1043,"18,022",0,,14.4,,,,,0,0,3.794733192,0,0,0,0
Dominican Republic,DOM,Dominican Republic,1045,"1,257,533",4,,,,,,1.68,2,0,0,0,0,0,0.64807407
Southern Ontario,CAN,Dominion of Canada,1043,"3,120,822",6,,,,,,,2.449489743,0,0,0,0,0,0
British Columbia,CAN,Dominion of Canada,1043,"638,944",3,1.92,,,,,,1.732050808,4.156921938,0,0,0,0,0
Saint Lawrence,CAN,Dominion of Canada,1043,"2,435,724",3,,5.76,,,,,1.732050808,0,2.4,0,0,0,0
New Brunswick,CAN,Dominion of Canada,1043,"475,600",2,,,,,,,1.414213562,0,0,0,0,0,0
Northern Ontario,CAN,Dominion of Canada,1043,"139,229",1,,17.28,,,15.36,,1,0,4.156921938,0,0,3.919183588,0
Alberta,CAN,Dominion of Canada,1043,"691,643",1,,,,,,,1,0,0,0,0,0,0
Manitoba,CAN,Dominion of Canada,1043,"641,854",1,,,,,,,1,0,0,0,0,0,0
Nova Scotia,CAN,Dominion of Canada,1043,"491,511",1,,,,,,,1,0,0,0,0,0,0
Saskatchewan,CAN,Dominion of Canada,1043,"800,977",1,,,,,,,1,0,0,0,0,0,0
Nunavut,CAN,Dominion of Canada,1043,"46,191",0,,8.4,,,,,0,0,2.898275349,0,0,0,0
Nord du Quebec,CAN,Dominion of Canada,1043,"8,871",0,,5.76,,,,,0,0,2.4,0,0,0,0
Cote-Nord,CAN,Dominion of Canada,1043,"110,134",0,,,,,,,0,0,0,0,0,0,0
Districts of Ontario,CAN,Dominion of Canada,1043,"10,012",0,,,,,,,0,0,0,0,0,0,0
Haida Gwaii,CAN,Dominion of Canada,1043,"12,699",0,,,,,,,0,0,0,0,0,0,0
Maurice,CAN,Dominion of Canada,1043,"70,085",0,,,,,,,0,0,0,0,0,0,0
Northern Manitoba,CAN,Dominion of Canada,1043,"10,012",0,,,,,,,0,0,0,0,0,0,0
Northern Saskatchewan,CAN,Dominion of Canada,1043,"65,685",0,,,,,,,0,0,0,0,0,0,0
Northwest Territories,CAN,Dominion of Canada,1043,"27,715",0,,,,,,,0,0,0,0,0,0,0
Ouest du Quebec,CAN,Dominion of Canada,1043,"80,098",0,,,,,,,0,0,0,0,0,0,0
Saguenay,CAN,Dominion of Canada,1043,"50,061",0,,,,,,,0,0,0,0,0,0,0
Upper British Columbia,CAN,Dominion of Canada,1043,"27,715",0,,,,,,,0,0,0,0,0,0,0
Vancouver Island,CAN,Dominion of Canada,1043,"259,929",0,,,,,,,0,0,0,0,0,0,0
Yukon Territory,CAN,Dominion of Canada,1043,10,0,,,,,,,0,0,0,0,0,0,0
Java,INS,Dutch East Indies,1028,"41,769,126",2,19.2,,268.8,,,,1.414213562,13.14534138,0,16.39512123,0,0,0
Sumatra,INS,Dutch East Indies,1028,"8,264,977",1,20.16,47.04,252,,,,1,13.46996659,6.85857128,15.87450787,0,0,0
Kalimantan,INS,Dutch East Indies,1028,"2,171,247",0,7.2,,108,,,,0,8.049844719,0,10.39230485,0,0,0
Sulawesi,INS,Dutch East Indies,1028,"4,237,166",0,,,50.4,,,,0,0,0,7.09929574,0,0,0
Lesser Sunda Islands,INS,Dutch East Indies,1028,"3,464,424",0,,,20.16,,,,0,0,0,4.489988864,0,0,0
Aru Islands,INS,Dutch East Indies,1028,"36,190",0,,,,,,,0,0,0,0,0,0,0
The Moluccas,INS,Dutch East Indies,1028,"579,807",0,,,,,,,0,0,0,0,0,0,0
West Papua,INS,Dutch East Indies,1028,"314,684",0,,,,,,,0,0,0,0,0,0,0
Ecuador,ECU,Ecuador,1046,"2,002,441",5,3.36,,,,,,2.236067977,5.499090834,0,0,0,0,0
Pastaza,ECU,Ecuador,1046,"70,105",1,,,,,,,1,0,0,0,0,0,0
Galapagos Islands,ECU,Ecuador,1046,"11,546",0,,,,,,,0,0,0,0,0,0,0
El Salvador,ELS,El Salvador,1045,"1,439,366",3,,,,,,1.68,1.732050808,0,0,0,0,0,0.64807407
Harju,EST,Estonia,1035,"275,556",4,,,,,,,2,0,0,0,0,0,0
Pärnu,EST,Estonia,1035,"423,586",2,,,,,3.2,,1.414213562,0,0,0,0,1.788854382,0
Saaremaa,EST,Estonia,1035,"32,410",0,,,,,,,0,0,0,0,0,0,0
Tartu,EST,Estonia,1035,"226,116",0,,,,,,,0,0,0,0,0,0,0
Virumaa,EST,Estonia,1035,"150,744",0,,,,,,,0,0,0,0,0,0,0
Shewa,ETH,Ethiopia,1053,"1,802,197",3,,,,,,,1.732050808,0,0,0,0,0,0
Hararghe,ETH,Ethiopia,1053,"1,501,831",1,,,,,,,1,0,0,0,0,0,0
Sidamo,ETH,Ethiopia,1053,"951,160",0,,,3,,,,0,0,0,1.732050808,0,0,0
Illubabor-Kaffa,ETH,Ethiopia,1053,"600,732",0,,,2,,,,0,0,0,1.414213562,0,0,0
Bale,ETH,Ethiopia,1053,"800,977",0,,,,,,,0,0,0,0,0,0,0
Begemder,ETH,Ethiopia,1053,"1,101,343",0,,,,,,,0,0,0,0,0,0,0
Gojjam,ETH,Ethiopia,1053,"901,099",0,,,,,,,0,0,0,0,0,0,0
Tigray,ETH,Ethiopia,1053,"1,001,221",0,,,,,,,0,0,0,0,0,0,0
Welega,ETH,Ethiopia,1053,"600,732",0,,,,,,,0,0,0,0,0,0,0
Wello,ETH,Ethiopia,1053,"650,793",0,,,,,,,0,0,0,0,0,0,0
Turku,FIN,Finland,1040,"529,946",3,,,,,,,1.732050808,0,0,0,0,0,0
Uusimaa,FIN,Finland,1040,"559,682",3,,,,,,,1.732050808,0,0,0,0,0,0
Karjala,FIN,Finland,1040,"605,165",2,,,,,,,1.414213562,0,0,0,0,0,0
Vaasa,FIN,Finland,1040,"595,586",2,,,,,,,1.414213562,0,0,0,0,0,0
Kuopio,FIN,Finland,1040,"392,879",1,,,,,4.32,,1,0,0,0,0,2.078460969,0
Lappi,FIN,Finland,1040,"121,886",0,,,,,8.4,2.4,0,0,0,0,0,2.898275349,0.774596669
Åland,FIN,Finland,1040,"28,173",0,,,,,,,0,0,0,0,0,0,0
Häme,FIN,Finland,1040,"404,994",0,,,,,,,0,0,0,0,0,0,0
Kymi,FIN,Finland,1040,"43,510",0,,,,,,,0,0,0,0,0,0,0
Mikkeli,FIN,Finland,1040,"204,449",0,,,,,,,0,0,0,0,0,0,0
Oulu,FIN,Finland,1040,"318,388",0,,,,,,,0,0,0,0,0,0,0
Petsamo,FIN,Finland,1040,"2,374",0,,,,,,,0,0,0,0,0,0,0
Salla,FIN,Finland,1040,"4,636",0,,,,,,,0,0,0,0,0,0,0
Guangzhouwan,FRA,France,1025,"200,244",0,,,,,,,0,0,0,0,0,0,0
Tonkin,FRA,France,1027,"11,542,072",1,,,,45.36,,10.08,1,0,0,0,4.714488307,0,1.587450787
Southern Indochina,FRA,France,1027,"5,251,403",1,,,92.4,,,,1,0,0,9.612491873,0,0,0
Cambodia,FRA,France,1027,"5,251,403",0,,,,,,,0,0,0,0,0,0,0
Laos,FRA,France,1027,"1,185,445",0,,,,,,,0,0,0,0,0,0,0
New Caledonia,FRA,France,1029,"51,939",0,,,,,,151.2,0,0,0,0,0,0,6.14817046
Nendo,FRA,France,1029,"5,173",0,,,,,,,0,0,0,0,0,0,0
Tahiti,FRA,France,1029,"105,915",0,,,,,,,0,0,0,0,0,0,0
Togo,FRA,France,1029,"1,102,690",0,,,,,,,0,0,0,0,0,0,0
French India,FRA,France,1030,"286,760",0,,,,,,,0,0,0,0,0,0,0
Lebanon,FRA,France,1031,"1,105,348",1,,,,,,,1,0,0,0,0,0,0
Aleppo,FRA,France,1031,"1,327,212",0,,,,,,,0,0,0,0,0,0,0
Damascus,FRA,France,1031,"548,466",0,,,,,,,0,0,0,0,0,0,0
Deir-az-Zur,FRA,France,1031,"324,506",0,,,,,,,0,0,0,0,0,0,0
Hatay,FRA,France,1031,"234,665",0,,,,,,,0,0,0,0,0,0,0
Ile de France,FRA,France,1038,"7,047,092",8,,,,,,,2.828427125,0,0,0,0,0,0
Brittany,FRA,France,1038,"2,399,526",5,,,,,,,2.236067977,0,0,0,0,0,0
Alsace-Lorraine,FRA,France,1038,"1,917,938",3,,,,,90.72,,1.732050808,0,0,0,0,9.52470472,0
Rhone,FRA,France,1038,"2,976,829",3,,75.6,,,69.12,,1.732050808,0,8.694826048,0,0,8.313843876,0
Nord-Pas-de-Calais,FRA,France,1038,"2,980,033",3,,17.28,,,51.84,,1.732050808,0,4.156921938,0,0,7.2,0
Bouches-du-Rhône,FRA,France,1038,"1,672,349",3,,115.2,,,,,1.732050808,0,10.73312629,0,0,0,0
Var,FRA,France,1038,"485,592",3,,,,,,,1.732050808,0,0,0,0,0,0
Languedoc,FRA,France,1038,"1,693,264",2,,96,,,51.84,,1.414213562,0,9.797958971,0,0,7.2,0
Normandy,FRA,France,1038,"2,334,947",2,,,,,45.36,,1.414213562,0,0,0,0,6.734983296,0
Aquitaine,FRA,France,1038,"1,141,792",2,,21.12,,,26.88,,1.414213562,0,4.595650117,0,0,5.184592559,0
Bourgogne,FRA,France,1038,"1,372,473",2,,23.76,,,,,1.414213562,0,4.874423043,0,0,0,0
Centre,FRA,France,1038,"1,548,188",2,,,,,,,1.414213562,0,0,0,0,0,0
Loire,FRA,France,1038,"1,390,095",2,,,,,,,1.414213562,0,0,0,0,0,0
Midi Pyrenees,FRA,France,1038,"1,827,228",2,,,,,,,1.414213562,0,0,0,0,0,0
Franche-Comte,FRA,France,1038,"1,519,352",1,,,,,50.4,,1,0,0,0,0,7.09929574,0
Picardy,FRA,France,1038,"1,581,929",1,,8.64,,,25.92,,1,0,2.939387691,0,0,5.091168825,0
Poitou,FRA,France,1038,"1,605,057",1,,,,,23.04,,1,0,0,0,0,4.8,0
Auvergne,FRA,France,1038,"878,872",1,,,,,,,1,0,0,0,0,0,0
Champagne,FRA,France,1038,"1,372,473",1,,,,,,,1,0,0,0,0,0,0
Corsica,FRA,France,1038,"323,294",1,,,,,,,1,0,0,0,0,0,0
Alpes,FRA,France,1038,"1,008,730",0,,42,,,22.4,,0,0,6.480740698,0,0,4.732863826,0
Centre-Sud,FRA,France,1038,"637,177",0,,,,,,,0,0,0,0,0,0,0
Limousin,FRA,France,1038,"1,345,340",0,,,,,,,0,0,0,0,0,0,0
Pyrénées-Atlantiques,FRA,France,1038,"281,066",0,,,,,,,0,0,0,0,0,0,0
Savoy,FRA,France,1038,"908,608",0,,,,,,,0,0,0,0,0,0,0
Casablanca,FRA,France,1041,"3,201,622",1,,,,,,20.16,1,0,0,0,0,0,2.244994432
Tunisia,FRA,France,1041,"1,985,361",1,,,,,52.08,,1,0,0,0,0,7.216647421,0
Algiers,FRA,France,1041,"3,093,716",0,,,,,109.2,,0,0,0,0,0,10.44988038,0
Algerian Desert,FRA,France,1041,"207,987",0,,,,,,,0,0,0,0,0,0,0
Constantine,FRA,France,1041,"2,346,698",0,,,,,,,0,0,0,0,0,0,0
Gabès,FRA,France,1041,"428,346",0,,,,,,,0,0,0,0,0,0,0
Marrakech,FRA,France,1041,"1,867,829",0,,,,,,,0,0,0,0,0,0,0
Tlemcen,FRA,France,1041,"812,477",0,,,,,,,0,0,0,0,0,0,0
Cameroon,FRA,France,1042,"2,949,378",1,,,,,,,1,0,0,0,0,0,0
Senegal,FRA,France,1042,"1,640,000",0,,,,,5.04,,0,0,0,0,0,2.244994432,0
Equatorial Africa,FRA,France,1042,"1,138,309",0,,,3.6,,,,0,0,0,1.897366596,0,0,0
Middle Congo,FRA,France,1042,"747,326",0,,,1.68,,,,0,0,0,1.29614814,0,0,0
B.E.T.,FRA,France,1042,"18,767",0,,,,,,,0,0,0,0,0,0,0
Bamako,FRA,France,1042,"1,664,420",0,,,,,,,0,0,0,0,0,0,0
Chad,FRA,France,1042,"1,444,217",0,,,,,,,0,0,0,0,0,0,0
Dahomey,FRA,France,1042,"1,353,213",0,,,,,,,0,0,0,0,0,0,0
Gabon,FRA,France,1042,"410,252",0,,,,,,,0,0,0,0,0,0,0
Gao,FRA,France,1042,"499,327",0,,,,,,,0,0,0,0,0,0,0
Guinea,FRA,France,1042,"195,279",0,,,,,,,0,0,0,0,0,0,0
Ivory Coast,FRA,France,1042,"3,855,435",0,,,,,,,0,0,0,0,0,0,0
Kayes-Koulikoro,FRA,France,1042,"1,165,095",0,,,,,,,0,0,0,0,0,0,0
Mauritania,FRA,France,1042,"225,275",0,,,,,,,0,0,0,0,0,0,0
Mauritanian Desert,FRA,France,1042,"124,352",0,,,,,,,0,0,0,0,0,0,0
Niger,FRA,France,1042,"544,481",0,,,,,,,0,0,0,0,0,0,0
Southern Sahara,FRA,France,1042,"1,458,134",0,,,,,,,0,0,0,0,0,0,0
Tombouctou,FRA,France,1042,"79,340",0,,,,,,,0,0,0,0,0,0,0
Upper Volta,FRA,France,1042,"3,190,073",0,,,,,,,0,0,0,0,0,0,0
St Pierre and Miquelon,FRA,France,1043,"3,430",0,,,,,,,0,0,0,0,0,0,0
French Caribbean,FRA,France,1045,"444,832",0,,,,,,,0,0,0,0,0,0,0
French Guiana,FRA,France,1046,"47,399",0,,,,,,,0,0,0,0,0,0,0
Comoro Islands,FRA,France,1053,"126,858",0,,,,,,,0,0,0,0,0,0,0
French Somaliland,FRA,France,1053,"85,336",0,,,,,,,0,0,0,0,0,0,0
Kerguelen,FRA,France,1054,96,0,,,,,,,0,0,0,0,0,0,0
Madagascar,FRA,France,1054,"3,699,121",0,,,,,,,0,0,0,0,0,0,0
Reunion,FRA,France,1054,"186,865",0,,,,,,,0,0,0,0,0,0,0
Königsberg,GER,German Reich,1035,"2,142,847",2,,,,,,,1.414213562,0,0,0,0,0,0
Ermland-Masuren,GER,German Reich,1035,"1,239,619",0,,,,,,,0,0,0,0,0,0,0
Sachsen,GER,German Reich,1036,"5,599,403",9,,,,,88.56,,3,0,0,0,0,9.410632285,0
Brandenburg,GER,German Reich,1036,"7,273,897",9,,,,,,,3,0,0,0,0,0,0
Rhineland,GER,German Reich,1036,"6,152,244",7,,,,,75.6,,2.645751311,0,0,0,0,8.694826048,0
Holstein,GER,German Reich,1036,"3,099,409",7,,,,,,,2.645751311,0,0,0,0,0,0
Württemberg,GER,German Reich,1036,"5,093,064",6,,12.96,,,,,2.449489743,0,3.6,0,0,0,0
Hannover,GER,German Reich,1036,"2,441,262",5,4.32,,,,,,2.236067977,6.235382907,0,0,0,0,0
Weser-Ems,GER,German Reich,1036,"2,060,980",4,,,,,,,2,0,0,0,0,0,0
Westfalen,GER,German Reich,1036,"5,115,570",4,,,,,,,2,0,0,0,0,0,0
Moselland,GER,German Reich,1036,"3,031,435",3,,30.24,,,108,,1.732050808,0,5.499090834,0,0,10.39230485,0
Oberbayern,GER,German Reich,1036,"2,682,684",3,,38.88,,,,,1.732050808,0,6.235382907,0,0,0,0
Hessen,GER,German Reich,1036,"3,802,872",3,,,,,,,1.732050808,0,0,0,0,0,0
Mecklenburg,GER,German Reich,1036,"837,374",3,,,,,,,1.732050808,0,0,0,0,0,0
Franken,GER,German Reich,1036,"2,511,221",2,,,,,,,1.414213562,0,0,0,0,0,0
Thüringen,GER,German Reich,1036,"3,008,882",1,,,,5.76,17.28,5.76,1,0,0,0,1.68,4.156921938,1.2
Niederschlesien,GER,German Reich,1036,"3,056,452",1,,30.72,,,19.2,,1,0,5.542562584,0,0,4.38178046,0
Hinterpommern,GER,German Reich,1036,"1,125,790",1,,11.52,,,13.44,,1,0,3.39411255,0,0,3.666060556,0
Ostmark,GER,German Reich,1036,"1,252,367",1,,24,,,,,1,0,4.898979486,0,0,0,0
Schleswig,GER,German Reich,1036,"152,706",1,,,,,,,1,0,0,0,0,0,0
Oberschlesien,GER,German Reich,1036,"1,404,303",0,,11.52,,,15.36,,0,0,3.39411255,0,0,3.919183588,0
Niederbayern,GER,German Reich,1036,"1,455,139",0,,,,,,,0,0,0,0,0,0,0
Vorpommern,GER,German Reich,1036,"1,007,449",0,,,,,,,0,0,0,0,0,0,0
Guangzhou,GXC,Guangxi Clique,1025,"17,856,971",4,,,,13.44,25.2,5.04,2,0,0,0,2.566242389,5.019960159,1.122497216
Guangxi,GXC,Guangxi Clique,1025,"8,695,802",3,,,,21,21,4.2,1.732050808,0,0,0,3.207802986,4.582575695,1.024695077
Guangdong,GXC,Guangxi Clique,1025,"12,715,503",1,,,,25.2,25.2,5.04,1,0,0,0,3.513972111,5.019960159,1.122497216
Nanning,GXC,Guangxi Clique,1025,"6,557,996",1,,,,18.48,13.44,5.04,1,0,0,0,3.009185936,3.666060556,1.122497216
Hainan,GXC,Guangxi Clique,1025,"4,355,310",0,,,,,,,0,0,0,0,0,0,0
Guatemala,GUA,Guatemala,1045,"1,773,162",3,,,,,,6.72,1.732050808,0,0,0,0,0,1.29614814
Haiti,HAI,Haiti,1045,"2,382,905",3,,,,,,3.36,1.732050808,0,0,0,0,0,0.916515139
Honduras,HON,Honduras,1045,"860,811",3,,,,,,1.68,1.732050808,0,0,0,0,0,0.64807407
Iceland,ICE,Iceland,1040,"116,011",2,,,,,,,1.414213562,0,0,0,0,0,0
Tehran,PER,Iran,1051,"3,450,457",3,,,,,,,1.732050808,0,0,0,0,0,0
Khorasan,PER,Iran,1051,"1,061,033",2,,,,,,,1.414213562,0,0,0,0,0,0
Khuzestan,PER,Iran,1051,"798,329",0,53.76,,,,,,0,21.99636334,0,0,0,0,0
Fars,PER,Iran,1051,"919,740",0,14.4,,,,,,0,11.38419958,0,0,0,0,0
Isfahan,PER,Iran,1051,"886,353",0,14.4,,,,,,0,11.38419958,0,0,0,0,0
Gilan,PER,Iran,1051,"1,316,553",0,,,,,,,0,0,0,0,0,0,0
Hamadan,PER,Iran,1051,"797,368",0,,,,,,,0,0,0,0,0,0,0
Kerman,PER,Iran,1051,"486,606",0,,,,,,,0,0,0,0,0,0,0
Kurdistan,PER,Iran,1051,"781,230",0,,,,,,,0,0,0,0,0,0,0
Semnan,PER,Iran,1051,"332,768",0,,,,,,,0,0,0,0,0,0,0
Sistan,PER,Iran,1051,"341,469",0,,,,,,,0,0,0,0,0,0,0
Tibriz,PER,Iran,1051,"1,433,462",0,,,,,,,0,0,0,0,0,0,0
Baghdad,IRQ,Iraq,1031,"2,046,660",3,28.8,,,,,,1.732050808,16.09968944,0,0,0,0,0
Mosul,IRQ,Iraq,1031,"1,184,185",0,13.44,,,,,,0,10.99818167,0,0,0,0,0
Al Hajara,IRQ,Iraq,1031,"122,242",0,,,,,,,0,0,0,0,0,0,0
Leinster,IRE,Ireland,1039,"1,359,257",6,,,,,4.32,,2.449489743,0,0,0,0,2.078460969,0
Munster,IRE,Ireland,1039,"942,549",3,,,,,,,1.732050808,0,0,0,0,0,0
Connaught,IRE,Ireland,1039,"667,914",0,,,,,,,0,0,0,0,0,0,0
Piemonte,ITA,Italy,1037,"4,771,293",10,,34.56,,2.16,51.84,4.32,3.16227766,0,5.878775383,0,1.028785692,7.2,1.039230485
Lombardia,ITA,Italy,1037,"5,604,537",10,,,,,,,3.16227766,0,0,0,0,0,0
Veneto,ITA,Italy,1037,"3,967,989",7,,21.12,,,38.4,,2.645751311,0,4.595650117,0,0,6.196773354,0
Lazio,ITA,Italy,1037,"2,785,367",5,,,,,,,2.236067977,0,0,0,0,0,0
Puglia,ITA,Italy,1037,"2,645,225",5,,,,,,,2.236067977,0,0,0,0,0,0
Toscana,ITA,Italy,1037,"3,088,699",5,,,,,,,2.236067977,0,0,0,0,0,0
Campania,ITA,Italy,1037,"4,245,176",4,,19.2,,,28.8,,2,0,4.38178046,0,0,5.366563146,0
Litorale,ITA,Italy,1037,"1,039,426",2,,,,,,,1.414213562,0,0,0,0,0,0
Sicilia,ITA,Italy,1037,"3,841,254",2,,,,,,,1.414213562,0,0,0,0,0,0
Alto Adige,ITA,Italy,1037,"298,654",1,,19.6,,,,,1,0,4.427188724,0,0,0,0
Emilia Romagna,ITA,Italy,1037,"3,206,310",1,,19.44,,,,,1,0,4.409081537,0,0,0,0
Abruzzo,ITA,Italy,1037,"2,982,972",1,,,,,,,1,0,0,0,0,0,0
Calabria,ITA,Italy,1037,"1,774,163",1,,,,,,,1,0,0,0,0,0,0
Istria,ITA,Italy,1037,"126,004",1,,,,,,,1,0,0,0,0,0,0
Sardegna,ITA,Italy,1037,"993,132",1,,,,,,,1,0,0,0,0,0,0
Eritrea,ITA,Italy,1037,"601,333",0,,,,,3.36,,0,0,0,0,0,1.833030278,0
Somaliland,ITA,Italy,1037,"772,613",0,,,,,1.68,,0,0,0,0,0,1.29614814,0
Benghasi,ITA,Italy,1037,"82,636",0,,,,,,,0,0,0,0,0,0,0
Cyrenaica,ITA,Italy,1037,"8,819",0,,,,,,,0,0,0,0,0,0,0
Derna,ITA,Italy,1037,"45,684",0,,,,,,,0,0,0,0,0,0,0
Dodecanese,ITA,Italy,1037,"120,146",0,,,,,,,0,0,0,0,0,0,0
El Agheila,ITA,Italy,1037,"40,480",0,,,,,,,0,0,0,0,0,0,0
Jubaland,ITA,Italy,1037,"1,030,151",0,,,,,,,0,0,0,0,0,0,0
Libyan Desert,ITA,Italy,1037,"42,685",0,,,,,,,0,0,0,0,0,0,0
Sirte,ITA,Italy,1037,"13,229",0,,,,,,,0,0,0,0,0,0,0
Trentino,ITA,Italy,1037,"371,192",0,,,,,,,0,0,0,0,0,0,0
Tripoli,ITA,Italy,1037,"469,709",0,,,,,,,0,0,0,0,0,0,0
Tripolitania,ITA,Italy,1037,"17,639",0,,,,,,,0,0,0,0,0,0,0
Zara,ITA,Italy,1037,"18,022",0,,,,,,,0,0,0,0,0,0,0
East Hebei,JAP,Japan,1025,"6,407,813",2,,,,,,,1.414213562,0,0,0,0,0,0
Dalian,JAP,Japan,1025,"1,001,221",1,,,,,,,1,0,0,0,0,0,0
Taiwan,JAP,Japan,1025,"4,598,143",1,,,,,,,1,0,0,0,0,0,0
Kanto,JAP,Japan,1026,"13,789,813",10,,2.16,,,,,3.16227766,0,1.469693846,0,0,0,0
Kansai,JAP,Japan,1026,"11,028,446",8,,6.48,,,,,2.828427125,0,2.545584412,0,0,0,0
Kyushu,JAP,Japan,1026,"9,080,071",7,,,,,,112.32,2.645751311,0,0,0,0,0,5.29905652
Chugoku,JAP,Japan,1026,"5,347,520",6,,,,,,,2.449489743,0,0,0,0,0,0
Koshinetsu,JAP,Japan,1026,"3,875,725",4,,,,13.44,45.36,,2,0,0,0,2.566242389,6.734983296,0
Hokuriku,JAP,Japan,1026,"1,935,360",4,,,,,,,2,0,0,0,0,0,0
Tokai,JAP,Japan,1026,"6,181,537",4,,,,,,,2,0,0,0,0,0,0
Tohoku,JAP,Japan,1026,"6,583,026",3,,,,,45.36,,1.732050808,0,0,0,0,6.734983296,0
Shikoku,JAP,Japan,1026,"3,314,041",3,,,,,,,1.732050808,0,0,0,0,0,0
South Korea,JAP,Japan,1026,"14,301,542",2,,,,,,,1.414213562,0,0,0,0,0,0
North Korea,JAP,Japan,1026,"6,782,469",1,,,,47.04,30.24,,1,0,0,0,4.800999896,5.499090834,0
South Sakhalin,JAP,Japan,1026,"295,556",0,5.04,,,,,,0,6.734983296,0,0,0,0,0
Caroline Islands,JAP,Japan,1026,"42,409",0,,,,,,,0,0,0,0,0,0,0
Hokkaido,JAP,Japan,1026,"2,815,433",0,,,,,,,0,0,0,0,0,0,0
Iwo Jima,JAP,Japan,1026,"1,019",0,,,,,,,0,0,0,0,0,0,0
Kuril Islands,JAP,Japan,1026,"15,018",0,,,,,,,0,0,0,0,0,0,0
Marcus Island,JAP,Japan,1026,42,0,,,,,,,0,0,0,0,0,0,0
Marshall Islands,JAP,Japan,1026,"52,581",0,,,,,,,0,0,0,0,0,0,0
Okinawa,JAP,Japan,1026,"578,706",0,,,,,,,0,0,0,0,0,0,0
Palau,JAP,Japan,1026,"12,115",0,,,,,,,0,0,0,0,0,0,0
Saipan,JAP,Japan,1026,"21,683",0,,,,,,,0,0,0,0,0,0,0
Attica,GRE,Kingdom of Greece,1034,"2,315,323",4,,50.4,,16.8,5.04,20.16,2,0,7.09929574,0,2.869146214,2.244994432,2.244994432
Central Macedonia,GRE,Kingdom of Greece,1034,"1,157,111",3,,,,,,,1.732050808,0,0,0,0,0,0
Epirus,GRE,Kingdom of Greece,1034,"761,829",1,,,,,23.52,23.52,1,0,0,0,0,4.849742261,2.424871131
Thrace,GRE,Kingdom of Greece,1034,"382,967",1,,,,,,13.2,1,0,0,0,0,0,1.816590212
Aegean Islands,GRE,Kingdom of Greece,1034,"322,994",1,,,,,,10.08,1,0,0,0,0,0,1.587450787
Peloponnese,GRE,Kingdom of Greece,1034,"946,154",1,,,,,,,1,0,0,0,0,0,0
Crete,GRE,Kingdom of Greece,1034,"388,374",0,,,,,,,0,0,0,0,0,0,0
Northern Hungary,HUN,Kingdom of Hungary,1035,"3,755,331",8,,76.8,,,11.52,,2.828427125,0,8.76356092,0,0,3.39411255,0
Transdanubia,HUN,Kingdom of Hungary,1035,"2,200,288",4,1.6,96,,,,,2,3.794733192,9.797958971,0,0,0,0
Alföld,HUN,Kingdom of Hungary,1035,"2,738,722",4,,,,,,,2,0,0,0,0,0,0
Rīga,LAT,Latvia,1035,"420,763",5,,,,,1.92,,2.236067977,0,0,0,0,1.385640646,0
Latgale,LAT,Latvia,1035,"600,983",2,,,,,,,1.414213562,0,0,0,0,0,0
Zemgale,LAT,Latvia,1035,"215,763",2,,,,,,,1.414213562,0,0,0,0,0,0
Vidzeme,LAT,Latvia,1035,"408,999",1,,,,,1.6,,1,0,0,0,0,1.264911064,0
Kurzeme,LAT,Latvia,1035,"315,885",1,,,,,,,1,0,0,0,0,0,0
Liberia,LIB,Liberia,1042,"745,909",2,,,8.64,,,,1.414213562,0,0,2.939387691,0,0,0
Kaunas,LIT,Lithuania,1035,"973,126",4,,,,,,,2,0,0,0,0,0,0
Sūduva,LIT,Lithuania,1035,"220,008",2,,,,,,,1.414213562,0,0,0,0,0,0
Memel,LIT,Lithuania,1035,"150,183",1,,,,,,,1,0,0,0,0,0,0
Žemaitija,LIT,Lithuania,1035,"697,951",0,,,,,3.84,,0,0,0,0,0,1.959591794,0
Aukštaitija,LIT,Lithuania,1035,"161,647",0,,,,,,,0,0,0,0,0,0,0
Luxemburg,LUX,Luxembourg,1038,"295,108",4,,,,,9.6,,2,0,0,0,0,3.098386677,0
Liaotung,MAN,Manchukuo,1025,"10,277,150",3,,,,,45.36,,1.732050808,0,0,0,0,6.734983296,0
Liaoning,MAN,Manchukuo,1025,"3,647,820",2,,,,,,,1.414213562,0,0,0,0,0,0
Kirin,MAN,Manchukuo,1025,"7,545,466",0,,11.76,,,,,0,0,3.42928564,0,0,0,0
Heilungkiang,MAN,Manchukuo,1025,"3,698,701",0,,,,,,,0,0,0,0,0,0,0
Hulunbuir,MAN,Manchukuo,1025,"2,002,441",0,,,,,,,0,0,0,0,0,0,0
Jehol,MAN,Manchukuo,1025,"1,977,788",0,,,,,,,0,0,0,0,0,0,0
Sungkiang,MAN,Manchukuo,1025,"5,230,551",0,,,,,,,0,0,0,0,0,0,0
South Chahar,MEN,Mengkukuo,1025,"1,471,794",1,,,,,,,1,0,0,0,0,0,0
Chahar,MEN,Mengkukuo,1025,"566,691",0,,,,,,,0,0,0,0,0,0,0
Mexico City,MEX,Mexico,1045,"3,428,583",6,,,,,11.52,,2.449489743,0,0,0,0,3.39411255,0
Coahuila,MEX,Mexico,1045,"828,837",2,13.44,,,,,,1.414213562,10.99818167,0,0,0,0,0
Tamaulipas,MEX,Mexico,1045,"1,034,249",1,15.12,,,,,,1,11.66533326,0,0,0,0,0
Veracruz,MEX,Mexico,1045,"1,953,842",1,15.12,,,,,,1,11.66533326,0,0,0,0,0
Guerrero,MEX,Mexico,1045,"1,600,262",1,,,,,6.72,,1,0,0,0,0,2.592296279,0
Jalisco,MEX,Mexico,1045,"2,473,891",1,,,,13.44,,,1,0,0,0,2.566242389,0,0
Durango,MEX,Mexico,1045,"1,256,626",1,,,,,,,1,0,0,0,0,0,0
Oaxaca,MEX,Mexico,1045,"1,665,361",0,13.44,,,,,,0,10.99818167,0,0,0,0,0
Baja California,MEX,Mexico,1045,"108,974",0,,,,,,,0,0,0,0,0,0,0
Chiapas,MEX,Mexico,1045,"806,858",0,,,,,,,0,0,0,0,0,0,0
Chihuahua,MEX,Mexico,1045,"521,387",0,,,,,,,0,0,0,0,0,0,0
Sonora,MEX,Mexico,1045,"304,358",0,,,,,,,0,0,0,0,0,0,0
Yucatan,MEX,Mexico,1045,"440,826",0,,,,,,,0,0,0,0,0,0,0
Ulaanbaatar,MON,Mongolia,1025,"436,082",4,,,,,2.88,4.32,2,0,0,0,0,1.697056275,1.039230485
Dornod,MON,Mongolia,1025,"88,358",0,,,,,,,0,0,0,0,0,0,0
Gobi,MON,Mongolia,1025,"11,013",0,,,,,,,0,0,0,0,0,0,0
Khovd,MON,Mongolia,1025,"149,182",0,,,,,,,0,0,0,0,0,0,0
Khövsgöl,MON,Mongolia,1025,"88,308",0,,,,,,,0,0,0,0,0,0,0
Nepal,NEP,Nepal,1030,"5,580,595",3,,,,,,3.36,1.732050808,0,0,0,0,0,0.916515139
Holland,HOL,Netherlands,1038,"4,128,033",10,,,,,7.68,,3.16227766,0,0,0,0,2.771281292,0
Brabant,HOL,Netherlands,1038,"1,450,769",5,,,,,,,2.236067977,0,0,0,0,0,0
Friesland,HOL,Netherlands,1038,"2,366,886",2,,,,,,,1.414213562,0,0,0,0,0,0
Suriname,HOL,Netherlands,1046,"152,186",1,,100.8,,,,,1,0,10.03992032,0,0,0,0
Curaçao,HOL,Netherlands,1046,"76,392",0,58.8,,,,,,0,23.00434742,0,0,0,0,0
North Island,NZL,New Zealand,1029,"900,934",5,,,,,,,2.236067977,0,0,0,0,0,0
South Island,NZL,New Zealand,1029,"547,866",0,,,,7.68,,,0,0,0,0,1.939896904,0,0
Samoa,NZL,New Zealand,1029,"123,364",0,,,,,,,0,0,0,0,0,0,0
Nicaragua,NIC,Nicaragua,1045,"683,834",3,,,,,,1.68,1.732050808,0,0,0,0,0,0.64807407
Oslofjord,NOR,Norway,1040,"1,058,476",4,,,,,,,2,0,0,0,0,0,0
Agder,NOR,Norway,1040,"396,909",3,,9.6,,,,,1.732050808,0,3.098386677,0,0,0,0
Vestlandet,NOR,Norway,1040,"485,111",2,,19.2,,,,1.92,1.414213562,0,4.38178046,0,0,0,0.692820323
Telemark,NOR,Norway,1040,"141,675",1,,,,,,,1,0,0,0,0,0,0
Trøndelag,NOR,Norway,1040,"280,613",1,,,,,,,1,0,0,0,0,0,0
Nordland,NOR,Norway,1040,"142,273",0,,,,,10.08,,0,0,0,0,0,3.174901573,0
Helgeland,NOR,Norway,1040,"88,920",0,,,,7,4.2,,0,0,0,0,1.852025918,2.049390153,0
Finnmark,NOR,Norway,1040,"142,273",0,,,,7.2,,,0,0,0,0,1.878297101,0,0
Troms,NOR,Norway,1040,"142,273",0,,,,7.2,,,0,0,0,0,1.878297101,0,0
Opplandene,NOR,Norway,1040,"211,790",0,,8.4,,,,,0,0,2.898275349,0,0,0,0
Jan Mayen,NOR,Norway,1040,10,0,,,,,,,0,0,0,0,0,0,0
Oman,OMA,Oman,1031,"369,450",2,2.88,,,,,,1.414213562,5.091168825,0,0,0,0,0
Panamá,PAN,Panama,1046,"468,030",3,1.68,,,,,,1.732050808,3.888444419,0,0,0,0,0
Lima,PRU,Peru,1048,"3,567,599",7,23.52,,,,,,2.645751311,14.54922678,0,0,0,0,0
Arequipa,PRU,Peru,1048,"1,603,233",1,,,,10.08,,,1,0,0,0,2.222431101,0,0
Tacna-Moquegua,PRU,Peru,1048,"130,159",1,,,,3.36,,,1,0,0,0,1.283121195,0,0
Loreto,PRU,Peru,1048,"176,842",0,,,,,,,0,0,0,0,0,0,0
Ucayali,PRU,Peru,1048,"736,724",0,,,,,,,0,0,0,0,0,0,0
Manila,PHI,Philippines,1028,"3,553,016",4,,,,,,,2,0,0,0,0,0,0
Luzon,PHI,Philippines,1028,"2,013,110",1,,,1.68,,,,1,0,0,1.29614814,0,0,0
Central islands,PHI,Philippines,1028,"1,292,248",1,,,,,,,1,0,0,0,0,0,0
Cebu,PHI,Philippines,1028,"3,530,019",0,,,,,,,0,0,0,0,0,0,0
Mindanao,PHI,Philippines,1028,"1,498,335",0,,,,,,,0,0,0,0,0,0,0
Palawan,PHI,Philippines,1028,"83,142",0,,,,,,,0,0,0,0,0,0,0
Samar,PHI,Philippines,1028,"1,140,114",0,,,,,,,0,0,0,0,0,0,0
Warszawa,POL,Poland,1035,"3,092,771",8,,,,,,,2.828427125,0,0,0,0,0,0
Danzig,POL,Poland,1035,"367,178",6,,,,,,,2.449489743,0,0,0,0,0,0
Kraków,POL,Poland,1035,"3,697,308",4,5.76,,,,9.6,,2,7.2,0,0,0,3.098386677,0
Gdynia,POL,Poland,1035,"714,241",3,,,,,,,1.732050808,0,0,0,0,0,0
Lwów,POL,Poland,1035,"3,231,740",3,,,,,,,1.732050808,0,0,0,0,0,0
Łódz,POL,Poland,1035,"2,635,213",2,,,,,,,1.414213562,0,0,0,0,0,0
Lublin,POL,Poland,1035,"2,467,609",2,,,,,,,1.414213562,0,0,0,0,0,0
Katowice,POL,Poland,1035,"1,001,221",1,,13.44,,,36.48,,1,0,3.666060556,0,0,6.039867548,0
Białystok,POL,Poland,1035,"1,158,613",1,,,,,,,1,0,0,0,0,0,0
Poznan,POL,Poland,1035,"2,109,071",1,,,,,,,1,0,0,0,0,0,0
Wilno,POL,Poland,1035,"517,712",1,,,,,,,1,0,0,0,0,0,0
Kielce,POL,Poland,1035,"1,837,941",0,,,,,15.36,,0,0,0,0,0,3.919183588,0
Nowogródek,POL,Poland,1035,"1,600,852",0,,,,,,,0,0,0,0,0,0,0
Płock,POL,Poland,1035,"1,413,824",0,,,,,,,0,0,0,0,0,0,0
Polesie,POL,Poland,1035,"1,233,704",0,,,,,,,0,0,0,0,0,0,0
Stanisławów,POL,Poland,1035,"2,182,961",0,,,,,,,0,0,0,0,0,0,0
Wilejka,POL,Poland,1035,"726,886",0,,,,,,,0,0,0,0,0,0,0
Wołyn,POL,Poland,1035,"1,988,024",0,,,,,,,0,0,0,0,0,0,0
Macau,POR,Portugal,1025,"157,998",0,,,,,,,0,0,0,0,0,0,0
Portuguese Timor,POR,Portugal,1028,"456,160",0,,,,,,,0,0,0,0,0,0,0
Goa,POR,Portugal,1030,"534,604",0,,,,,,,0,0,0,0,0,0,0
Portuguese Guinea,POR,Portugal,1042,"365,345",0,,,1.44,,,,0,0,0,1.2,0,0,0
Cape Verde,POR,Portugal,1042,"150,784",0,,,,,,,0,0,0,0,0,0,0
Lisbon,POR,Portugal,1052,"1,998,236",6,,,,61.44,,,2.449489743,0,0,0,5.486857024,0,0
Beja,POR,Portugal,1052,"778,845",3,,,,,,,1.732050808,0,0,0,0,0,0
Porto,POR,Portugal,1052,"1,906,925",3,,,,,,,1.732050808,0,0,0,0,0,0
Santarém,POR,Portugal,1052,"730,603",2,,,,,,32,1.414213562,0,0,0,0,0,2.828427125
Guarda,POR,Portugal,1052,"965,878",2,,,,133,,,1.414213562,0,0,0,8.072793816,0,0
Azores,POR,Portugal,1052,"212,271",0,,,,,,,0,0,0,0,0,0,0
Madeira,POR,Portugal,1052,"211,858",0,,,,,,,0,0,0,0,0,0,0
Lourenço Marques,POR,Portugal,1054,"1,227,497",1,,,,,,,1,0,0,0,0,0,0
Zambesi,POR,Portugal,1054,"640,781",0,,,1.2,,,,0,0,0,1.095445115,0,0,0
Luanda,POR,Portugal,1054,"1,601,953",0,,,,,,,0,0,0,0,0,0,0
Manica e Sofala,POR,Portugal,1054,"188,830",0,,,,,,,0,0,0,0,0,0,0
North Angola,POR,Portugal,1054,"25,031",0,,,,,,,0,0,0,0,0,0,0
Sao Tome,POR,Portugal,1054,"24,755",0,,,,,,,0,0,0,0,0,0,0
South West Angola,POR,Portugal,1054,"961,172",0,,,,,,,0,0,0,0,0,0,0
Zambezia-Moçambique,POR,Portugal,1054,"1,387,692",0,,,,,,,0,0,0,0,0,0,0
Paraguay,PAR,Republic of Paraguay,1048,"891,187",4,,,,,,,2,0,0,0,0,0,0
Chaco Boreal,PAR,Republic of Paraguay,1048,"45,956",0,,,,3.6,2.4,,0,0,0,0,1.328156617,1.549193338,0
Muntenia,ROM,Romania,1034,"4,466,846",6,84.48,,,,,,2.449489743,27.5739007,0,0,0,0,0
Transylvania,ROM,Romania,1034,"1,624,280",2,,,,,4.2,,1.414213562,0,0,0,0,2.049390153,0
Banat,ROM,Romania,1034,"942,649",2,,7.68,,,,,1.414213562,0,2.771281292,0,0,0,0
Crisana,ROM,Romania,1034,"633,673",2,,,,,,,1.414213562,0,0,0,0,0,0
Dobrudja,ROM,Romania,1034,"378,461",2,,,,,,,1.414213562,0,0,0,0,0,0
Oltenia,ROM,Romania,1034,"1,521,155",2,,,,,,,1.414213562,0,0,0,0,0,0
Bucovina,ROM,Romania,1034,"475,179",1,,,,,,,1,0,0,0,0,0,0
Moldova,ROM,Romania,1034,"2,809,826",1,,,,,,,1,0,0,0,0,0,0
North Transylvania,ROM,Romania,1034,"2,355,572",1,,,,,,,1,0,0,0,0,0,0
Southern Bessarabia,ROM,Romania,1034,"567,292",1,,,,,,,1,0,0,0,0,0,0
Bessarabia,ROM,Romania,1034,"2,299,604",0,,,,,,,0,0,0,0,0,0,0
Nejd,SAU,Saudi Arabia,1031,"1,001,221",2,,,,,,,1.414213562,0,0,0,0,0,0
Asir-Makkah,SAU,Saudi Arabia,1031,"500,610",1,,,,,,,1,0,0,0,0,0,0
Dammam,SAU,Saudi Arabia,1031,"440,537",0,3.6,,,,,,0,5.692099788,0,0,0,0,0
Al-Qassim,SAU,Saudi Arabia,1031,"5,006",0,,,,,,,0,0,0,0,0,0,0
Jawf,SAU,Saudi Arabia,1031,"5,006",0,,,,,,,0,0,0,0,0,0,0
Madinah,SAU,Saudi Arabia,1031,"511,624",0,,,,,,,0,0,0,0,0,0,0
Najiran,SAU,Saudi Arabia,1031,69,0,,,,,,,0,0,0,0,0,0,0
Rub al Khali,SAU,Saudi Arabia,1031,42,0,,,,,,,0,0,0,0,0,0,0
Tabuk,SAU,Saudi Arabia,1031,"500,610",0,,,,,,,0,0,0,0,0,0,0
Rio de Janeiro,BRA,Second Brazilian Republic,1047,"6,673,637",8,,,,,,,2.828427125,0,0,0,0,0,0
São Paulo,BRA,Second Brazilian Republic,1047,"6,206,767",4,,,,,,,2,0,0,0,0,0,0
Bahia,BRA,Second Brazilian Republic,1047,"4,239,068",2,,,,,,5.04,1.414213562,0,0,0,0,0,1.122497216
Espírito Santo,BRA,Second Brazilian Republic,1047,"4,609,220",2,,,,,1.68,,1.414213562,0,0,0,0,1.29614814,0
Minas Gerais,BRA,Second Brazilian Republic,1047,"4,609,220",1,,,,,4.32,,1,0,0,0,0,2.078460969,0
Rio Grande do Norte,BRA,Second Brazilian Republic,1047,"649,792",1,,,,4.8,,,1,0,0,0,1.533623161,0,0
Rio Grande do Sul,BRA,Second Brazilian Republic,1047,"2,963,213",1,,,,,,,1,0,0,0,0,0,0
Ceará,BRA,Second Brazilian Republic,1047,"1,633,992",1,,,,,,,1,0,0,0,0,0,0
Pernambuco,BRA,Second Brazilian Republic,1047,"2,284,786",1,,,,,,,1,0,0,0,0,0,0
Piauí,BRA,Second Brazilian Republic,1047,"1,802,197",1,,,,,,,1,0,0,0,0,0,0
Goiás,BRA,Second Brazilian Republic,1047,"1,664,229",0,,3.6,,,,3.6,0,0,1.897366596,0,0,0,0.948683298
Maranhão,BRA,Second Brazilian Republic,1047,"575,752",0,,,15.6,,,,0,0,0,3.949683532,0,0,0
Pará,BRA,Second Brazilian Republic,1047,"976,240",0,,,14.4,,,,0,0,0,3.794733192,0,0,0
Acre,BRA,Second Brazilian Republic,1047,"464,125",0,,8.64,,,,,0,0,2.939387691,0,0,0,0
Amapá,BRA,Second Brazilian Republic,1047,"350,427",0,,5.76,,,,,0,0,2.4,0,0,0,0
Amazonas,BRA,Second Brazilian Republic,1047,"160,095",0,,,,,,,0,0,0,0,0,0,0
Mato Grosso,BRA,Second Brazilian Republic,1047,"120,146",0,,,,,,,0,0,0,0,0,0,0
Punta Porá,BRA,Second Brazilian Republic,1047,"230,181",0,,,,,,,0,0,0,0,0,0,0
Santa Catarina,BRA,Second Brazilian Republic,1047,"962,524",0,,,,,,,0,0,0,0,0,0,0
Amazon impassable 1,BRA,Second Brazilian Republic,1047,"6,761",0,,,,,,,0,0,0,0,0,0,0
Amazon impassable 2,BRA,Second Brazilian Republic,1047,"10,361",0,,,,,,,0,0,0,0,0,0,0
Amazon impassable 3,BRA,Second Brazilian Republic,1047,"7,692",0,,,,,,,0,0,0,0,0,0,0
Amazon impassable 4,BRA,Second Brazilian Republic,1047,"13,558",0,,,,,,,0,0,0,0,0,0,0
Amazon impassable 5,BRA,Second Brazilian Republic,1047,"22,014",0,,,,,,,0,0,0,0,0,0,0
Amazon impassable 6,BRA,Second Brazilian Republic,1047,"8,973",0,,,,,,,0,0,0,0,0,0,0
Amazon impassable 7,BRA,Second Brazilian Republic,1047,"10,355",0,,,,,,,0,0,0,0,0,0,0
Amazon impassable 8,BRA,Second Brazilian Republic,1047,"12,315",0,,,,,,,0,0,0,0,0,0,0
Guaporé,BRA,Second Brazilian Republic,1047,"120,146",0,,,,,,,0,0,0,0,0,0,0
Paraná,BRA,Second Brazilian Republic,1047,"962,524",0,,,,,,,0,0,0,0,0,0,0
Rio Branco,BRA,Second Brazilian Republic,1047,"10,012",0,,,,,,,0,0,0,0,0,0,0
Tocantins,BRA,Second Brazilian Republic,1047,"1,664,229",0,,,,,,,0,0,0,0,0,0,0
Shanxi,SHX,Shanxi,1025,"11,615,161",4,,,,,,,2,0,0,0,0,0,0
Suiyuan,SHX,Shanxi,1025,"1,585,633",1,,,,,,,1,0,0,0,0,0,0
Ordos,SHX,Shanxi,1025,"500,610",0,,,,,,,0,0,0,0,0,0,0
Siam,SIA,Siam,1027,"8,432,681",6,,,13.44,3.36,,,2.449489743,0,0,3.666060556,1.283121195,0,0
Northern Malay,SIA,Siam,1027,"2,044,192",0,,,56,,,,0,0,0,7.483314774,0,0,0
Isan,SIA,Siam,1027,"2,002,441",0,,,,,,,0,0,0,0,0,0,0
Lanna,SIA,Siam,1027,"2,002,441",0,,,,,,,0,0,0,0,0,0,0
Urumqi,SIK,Sinkiang,1025,"1,081,819",2,,,,,,,1.414213562,0,0,0,0,0,0
Yarkand,SIK,Sinkiang,1025,"1,432,446",1,,2.8,,,,2.8,1,0,1.673320053,0,0,0,0.836660027
Dabancheng,SIK,Sinkiang,1025,"700,854",1,,,,,,,1,0,0,0,0,0,0
Dzungaria,SIK,Sinkiang,1025,"671,619",1,,,,,,,1,0,0,0,0,0,0
Kunlun Shan,SIK,Sinkiang,1025,"70,085",0,,,,,,,0,0,0,0,0,0,0
Taklamakan,SIK,Sinkiang,1025,"408,498",0,,,,,,,0,0,0,0,0,0,0
Transvaal,SAF,South Africa,1054,"3,684,856",6,,,,,21.12,101.76,2.449489743,0,0,0,0,4.595650117,5.043808085
Natal,SAF,South Africa,1054,"3,966,994",2,,,,,,115.2,1.414213562,0,0,0,0,0,5.366563146
Cape,SAF,South Africa,1054,"1,639,177",2,,,,,,,1.414213562,0,0,0,0,0,0
Karas,SAF,South Africa,1054,"46,256",0,,,,,,,0,0,0,0,0,0,0
Khomas,SAF,South Africa,1054,"254,410",0,,,,,,,0,0,0,0,0,0,0
Kunene,SAF,South Africa,1054,"69,385",0,,,,,,,0,0,0,0,0,0,0
Otjozondjupa,SAF,South Africa,1054,"92,513",0,,,,,,,0,0,0,0,0,0,0
Yaroslavl,SOV,Soviet Union,1030,"1,666,573",1,,,,,,,1,0,0,0,0,0,0
Kursk,SOV,Soviet Union,1030,"1,682,137",0,,,,,,,0,0,0,0,0,0,0
Armenia,SOV,Soviet Union,1032,"1,251,608",2,,,,,,,1.414213562,0,0,0,0,0,0
Azerbaijan,SOV,Soviet Union,1032,"2,884,566",1,117.6,,,,,,1,32.53306011,0,0,0,0,0
Abkhazia,SOV,Soviet Union,1032,"492,169",1,,,,,,,1,0,0,0,0,0,0
Georgia,SOV,Soviet Union,1032,"2,460,844",1,,,,,,,1,0,0,0,0,0,0
Moscow,SOV,Soviet Union,1033,"8,346,168",10,,,,,34.56,,3.16227766,0,0,0,0,5.878775383,0
Leningrad,SOV,Soviet Union,1033,"3,754,736",10,,,,,,,3.16227766,0,0,0,0,0,0
Kiev,SOV,Soviet Union,1033,"2,498,398",5,17.28,15.12,,,,,2.236067977,12.47076581,3.888444419,0,0,0,0
Dnipropetrovsk,SOV,Soviet Union,1033,"2,393,966",2,7.68,,,,,,1.414213562,8.313843876,0,0,0,0,0
Gorky,SOV,Soviet Union,1033,"3,382,300",2,,,,,,,1.414213562,0,0,0,0,0,0
Kuybyshev,SOV,Soviet Union,1033,"1,393,518",2,,,,,,,1.414213562,0,0,0,0,0,0
Minsk,SOV,Soviet Union,1033,"1,164,583",2,,,,,,,1.414213562,0,0,0,0,0,0
Rostov,SOV,Soviet Union,1033,"1,502,908",2,,,,,,,1.414213562,0,0,0,0,0,0
Stalingrad,SOV,Soviet Union,1033,"1,136,456",2,,,,,,,1.414213562,0,0,0,0,0,0
Tula,SOV,Soviet Union,1033,"1,637,546",2,,,,,,,1.414213562,0,0,0,0,0,0
Krasnodar,SOV,Soviet Union,1033,"2,906,915",1,23.04,,,32.64,,,1,14.4,0,0,3.99919992,0,0
Orel,SOV,Soviet Union,1033,"1,220,095",1,,,,,76.8,15.36,1,0,0,0,0,8.76356092,1.959591794
Kharkov,SOV,Soviet Union,1033,"2,230,239",1,,,,,71.28,,1,0,0,0,0,8.442748368,0
Kazan,SOV,Soviet Union,1033,"2,764,662",1,,,,,48,,1,0,0,0,0,6.92820323,0
Ulyanovsky,SOV,Soviet Union,1033,"1,632,514",1,,,,,19.6,,1,0,0,0,0,4.427188724,0
Perm,SOV,Soviet Union,1033,"2,138,486",1,,11.52,,,,,1,0,3.39411255,0,0,0,0
Arkhangelsk,SOV,Soviet Union,1033,"578,691",1,,,,,,,1,0,0,0,0,0,0
Cherkasy,SOV,Soviet Union,1033,"2,408,126",1,,,,,,,1,0,0,0,0,0,0
Crimea,SOV,Soviet Union,1033,"1,062,903",1,,,,,,,1,0,0,0,0,0,0
Khmelnytskyi,SOV,Soviet Union,1033,"1,425,760",1,,,,,,,1,0,0,0,0,0,0
Mykolaiv,SOV,Soviet Union,1033,"897,405",1,,,,,,,1,0,0,0,0,0,0
Odessa,SOV,Soviet Union,1033,"1,287,808",1,,,,,,,1,0,0,0,0,0,0
Saratov,SOV,Soviet Union,1033,"1,227,585",1,,,,,,,1,0,0,0,0,0,0
Smolensk,SOV,Soviet Union,1033,"1,301,615",1,,,,,,,1,0,0,0,0,0,0
Ufa,SOV,Soviet Union,1033,"2,555,190",1,,,,,,,1,0,0,0,0,0,0
Voronezh,SOV,Soviet Union,1033,"2,571,118",1,,,,,,,1,0,0,0,0,0,0
Dagestan,SOV,Soviet Union,1033,"1,359,950",0,16.8,,,,,,0,12.29634092,0,0,0,0,0
Chechnya-Ingushetia,SOV,Soviet Union,1033,"732,879",0,15.12,,,,,,0,11.66533326,0,0,0,0,0
Nenets,SOV,Soviet Union,1033,"21,822",0,10.08,,,,,,0,9.52470472,0,0,0,0,0
Pechora,SOV,Soviet Union,1033,"21,822",0,8.4,,,,,,0,8.694826048,0,0,0,0,0
Northern Urals,SOV,Soviet Union,1033,"48,891",0,,32.4,,,,48,0,0,5.692099788,0,0,0,3.464101615
Udmurtia,SOV,Soviet Union,1033,"1,326,552",0,,,,,,30.24,0,0,0,0,0,0,2.749545417
Sochi,SOV,Soviet Union,1033,"388,464",0,,,,,,25.2,0,0,0,0,0,0,2.50998008
Kherson,SOV,Soviet Union,1033,"729,252",0,,,,,,24,0,0,0,0,0,0,2.449489743
Kabardino-Balkaria,SOV,Soviet Union,1033,"388,464",0,,,,,,23.8,0,0,0,0,0,0,2.439262184
Stavropol,SOV,Soviet Union,1033,"1,318,123",0,,,,,,19.6,0,0,0,0,0,0,2.213594362
Murmansk,SOV,Soviet Union,1033,"276,088",0,,,,,20.16,17.28,0,0,0,0,0,4.489988864,2.078460969
Tambov,SOV,Soviet Union,1033,"1,781,755",0,,,,,,11.76,0,0,0,0,0,0,1.71464282
North Ossetia,SOV,Soviet Union,1033,"388,464",0,,,,,,11.2,0,0,0,0,0,0,1.673320053
Onega,SOV,Soviet Union,1033,"215,120",0,,,,,50.4,,0,0,0,0,0,7.09929574,0
Orenburg,SOV,Soviet Union,1033,"1,227,366",0,,,,,33.6,,0,0,0,0,0,5.796550698,0
Rzhev,SOV,Soviet Union,1033,"1,026,710",0,,,,,30.72,,0,0,0,0,0,5.542562584,0
Engels-Marxstadt,SOV,Soviet Union,1033,"619,285",0,,,,9.6,22.4,,0,0,0,0,2.168870674,4.732863826,0
Balakovo,SOV,Soviet Union,1033,"309,908",0,,,,14,14,,0,0,0,0,2.619160171,3.741657387,0
Kirov,SOV,Soviet Union,1033,"2,118,057",0,,23.52,,,,,0,0,4.849742261,0,0,0,0
Astrakhan,SOV,Soviet Union,1033,"647,998",0,,,,,,,0,0,0,0,0,0,0
Belgorod,SOV,Soviet Union,1033,"1,366,203",0,,,,,,,0,0,0,0,0,0,0
Bobruysk,SOV,Soviet Union,1033,"1,042,355",0,,,,,,,0,0,0,0,0,0,0
Bryansk,SOV,Soviet Union,1033,"1,709,651",0,,,,,,,0,0,0,0,0,0,0
Chernigov,SOV,Soviet Union,1033,"1,375,314",0,,,,,,,0,0,0,0,0,0,0
Chuvashia,SOV,Soviet Union,1033,"786,990",0,,,,,,,0,0,0,0,0,0,0
Gomel,SOV,Soviet Union,1033,"944,574",0,,,,,,,0,0,0,0,0,0,0
Ivanovo,SOV,Soviet Union,1033,"2,589,144",0,,,,,,,0,0,0,0,0,0,0
Kalinin,SOV,Soviet Union,1033,"1,332,836",0,,,,,,,0,0,0,0,0,0,0
Kalmykia,SOV,Soviet Union,1033,"169,827",0,,,,,,,0,0,0,0,0,0,0
Kaluga,SOV,Soviet Union,1033,"1,122,372",0,,,,,,,0,0,0,0,0,0,0
Kargopol,SOV,Soviet Union,1033,"210,434",0,,,,,,,0,0,0,0,0,0,0
Lipetsk,SOV,Soviet Union,1033,"1,283,661",0,,,,,,,0,0,0,0,0,0,0
Luga,SOV,Soviet Union,1033,"342,236",0,,,,,,,0,0,0,0,0,0,0
Mikhaylovka,SOV,Soviet Union,1033,"469,353",0,,,,,,,0,0,0,0,0,0,0
Millerovo,SOV,Soviet Union,1033,"762,699",0,,,,,,,0,0,0,0,0,0,0
Mozyr,SOV,Soviet Union,1033,"935,773",0,,,,,,,0,0,0,0,0,0,0
Nevel,SOV,Soviet Union,1033,"831,146",0,,,,,,,0,0,0,0,0,0,0
Novgorod,SOV,Soviet Union,1033,"1,093,911",0,,,,,,,0,0,0,0,0,0,0
Olonets,SOV,Soviet Union,1033,"229,844",0,,,,,,,0,0,0,0,0,0,0
Penza,SOV,Soviet Union,1033,"2,345,797",0,,,,,,,0,0,0,0,0,0,0
Poltava,SOV,Soviet Union,1033,"1,444,345",0,,,,,,,0,0,0,0,0,0,0
Pskov,SOV,Soviet Union,1033,"640,368",0,,,,,,,0,0,0,0,0,0,0
Roslavl,SOV,Soviet Union,1033,"576,913",0,,,,,,,0,0,0,0,0,0,0
Ryazan,SOV,Soviet Union,1033,"1,826,347",0,,,,,,,0,0,0,0,0,0,0
Stalino,SOV,Soviet Union,1033,"3,771,935",0,,,,,,,0,0,0,0,0,0,0
Sumy,SOV,Soviet Union,1033,"1,339,914",0,,,,,,,0,0,0,0,0,0,0
Syktyvkar,SOV,Soviet Union,1033,"137,370",0,,,,,,,0,0,0,0,0,0,0
Tikhvin,SOV,Soviet Union,1033,"185,786",0,,,,,,,0,0,0,0,0,0,0
Vinnytsia,SOV,Soviet Union,1033,"1,895,702",0,,,,,,,0,0,0,0,0,0,0
Vitebsk,SOV,Soviet Union,1033,"1,219,341",0,,,,,,,0,0,0,0,0,0,0
Volgodonsk,SOV,Soviet Union,1033,"557,357",0,,,,,,,0,0,0,0,0,0,0
Volkhov,SOV,Soviet Union,1033,"195,563",0,,,,,,,0,0,0,0,0,0,0
Vologda,SOV,Soviet Union,1033,"2,354,971",0,,,,,,,0,0,0,0,0,0,0
Voroshilovgrad,SOV,Soviet Union,1033,"2,170,057",0,,,,,,,0,0,0,0,0,0,0
Zaporozhe,SOV,Soviet Union,1033,"1,295,662",0,,,,,,,0,0,0,0,0,0,0
Zhytomyr,SOV,Soviet Union,1033,"1,419,565",0,,,,,,,0,0,0,0,0,0,0
Balta-Tiraspol,SOV,Soviet Union,1033,"183,972",0,,,,,,,0,0,0,0,0,0,0
Kotlas,SOV,Soviet Union,1033,"263,042",0,,,,,,,0,0,0,0,0,0,0
Mari El,SOV,Soviet Union,1033,"786,990",0,,,,,,,0,0,0,0,0,0,0
Sverdlovsk,SOV,Soviet Union,1050,"2,164,289",3,,,,,,,1.732050808,0,0,0,0,0,0
Novosibirsk,SOV,Soviet Union,1050,"1,767,524",2,,,,,,,1.414213562,0,0,0,0,0,0
Vladivostok,SOV,Soviet Union,1050,"842,492",1,,,,,,33.6,1,0,0,0,0,0,2.898275349
Khabarovsk,SOV,Soviet Union,1050,"295,966",1,,,,,,15.12,1,0,0,0,0,0,1.94422221
Irkutsk,SOV,Soviet Union,1050,"756,159",1,,11.76,,,33.6,,1,0,3.42928564,0,0,5.796550698,0
Altai Krai,SOV,Soviet Union,1050,"2,110,024",1,,,,,,,1,0,0,0,0,0,0
Amur,SOV,Soviet Union,1050,"454,836",1,,,,,,,1,0,0,0,0,0,0
Chelyabinsk,SOV,Soviet Union,1050,"2,077,465",1,,,,,,,1,0,0,0,0,0,0
Khakassia,SOV,Soviet Union,1050,"1,569,235",1,,,,,,,1,0,0,0,0,0,0
Omsk,SOV,Soviet Union,1050,"1,318,765",1,,,,,,,1,0,0,0,0,0,0
Surgut,SOV,Soviet Union,1050,"29,335",0,15.6,,,,,,0,11.84905059,0,0,0,0,0
Magnitogorsk,SOV,Soviet Union,1050,"1,046,267",0,9.6,,,,64,,0,9.295160031,0,0,0,8,0
Zlatoust,SOV,Soviet Union,1050,"557,357",0,,,,,,32.2,0,0,0,0,0,0,2.837252192
Buryatia,SOV,Soviet Union,1050,"371,346",0,,5.6,,14,14,16.8,0,0,2.366431913,0,2.619160171,3.741657387,2.049390153
Chita,SOV,Soviet Union,1050,"1,045,585",0,,,,,15.12,13.44,0,0,0,0,0,3.888444419,1.833030278
Bodaybo,SOV,Soviet Union,1050,"195,563",0,,,,,12,6,0,0,0,0,0,3.464101615,1.224744871
Birobidzhan,SOV,Soviet Union,1050,"308,756",0,,,,,30.24,,0,0,0,0,0,5.499090834,0
Nikolayevsk,SOV,Soviet Union,1050,"97,782",0,,,,,25.2,,0,0,0,0,0,5.019960159,0
Bratsk,SOV,Soviet Union,1050,"410,684",0,,36.4,,,,,0,0,6.033241252,0,0,0,0
Kamchatka,SOV,Soviet Union,1050,"48,891",0,,,,,,,0,0,0,0,0,0,0
Kirensk,SOV,Soviet Union,1050,"146,673",0,,,,,,,0,0,0,0,0,0,0
Krasnoyarsk,SOV,Soviet Union,1050,"1,728,534",0,,,,,,,0,0,0,0,0,0,0
Magadan,SOV,Soviet Union,1050,"63,558",0,,,,,,,0,0,0,0,0,0,0
North Sakhalin,SOV,Soviet Union,1050,"94,875",0,,,,,,,0,0,0,0,0,0,0
Okhotsk,SOV,Soviet Union,1050,"63,557",0,,,,,,,0,0,0,0,0,0,0
Oyrot Region,SOV,Soviet Union,1050,"153,697",0,,,,,,,0,0,0,0,0,0,0
Salekhard,SOV,Soviet Union,1050,"45,540",0,,,,,,,0,0,0,0,0,0,0
Tobolsk,SOV,Soviet Union,1050,"88,234",0,,,,,,,0,0,0,0,0,0,0
Tomsk,SOV,Soviet Union,1050,"610,048",0,,,,,,,0,0,0,0,0,0,0
Tyumen,SOV,Soviet Union,1050,"940,213",0,,,,,,,0,0,0,0,0,0,0
Yakutsk,SOV,Soviet Union,1050,"408,364",0,,,,,,,0,0,0,0,0,0,0
Yeniseisk,SOV,Soviet Union,1050,"117,338",0,,,,,,,0,0,0,0,0,0,0
Chukchi Peninsula,SOV,Soviet Union,1050,"30,037",0,,,,,,,0,0,0,0,0,0,0
Chukotka,SOV,Soviet Union,1050,"31,220",0,,,,,,,0,0,0,0,0,0,0
Dudinka,SOV,Soviet Union,1050,"6,011",0,,,,,,,0,0,0,0,0,0,0
Khatangsky,SOV,Soviet Union,1050,"15,993",0,,,,,,,0,0,0,0,0,0,0
Kolyma,SOV,Soviet Union,1050,"13,106",0,,,,,,,0,0,0,0,0,0,0
Udachny,SOV,Soviet Union,1050,"12,197",0,,,,,,,0,0,0,0,0,0,0
Verkhoyansk,SOV,Soviet Union,1050,"13,071",0,,,,,,,0,0,0,0,0,0,0
Yamalia,SOV,Soviet Union,1050,"22,001",0,,,,,,,0,0,0,0,0,0,0
Alma-Ata,SOV,Soviet Union,1051,"2,566,533",3,,14,,5.6,28,16.8,1.732050808,0,3.741657387,0,1.656502339,5.291502622,2.049390153
Tashkent,SOV,Soviet Union,1051,"4,142,961",2,,,,,,,1.414213562,0,0,0,0,0,0
Ashkhabad,SOV,Soviet Union,1051,"932,595",1,,,,,,,1,0,0,0,0,0,0
Ayaguz,SOV,Soviet Union,1051,"535,844",1,,,,,,,1,0,0,0,0,0,0
Bukhara,SOV,Soviet Union,1051,"2,192,269",1,,,,,,,1,0,0,0,0,0,0
Tashauz,SOV,Soviet Union,1051,"133,227",1,,,,,,,1,0,0,0,0,0,0
Akhtubinsk,SOV,Soviet Union,1051,"282,590",0,,,,,,25.2,0,0,0,0,0,0,2.50998008
Semipalatinsk,SOV,Soviet Union,1051,"429,737",0,,,,,,14,0,0,0,0,0,0,1.870828693
Pavlodar,SOV,Soviet Union,1051,"230,491",0,,,,,,8.4,0,0,0,0,0,0,1.449137675
Akmolinsk,SOV,Soviet Union,1051,"981,730",0,,,,,,,0,0,0,0,0,0,0
Guryev,SOV,Soviet Union,1051,"146,673",0,,,,,,,0,0,0,0,0,0,0
Khiva,SOV,Soviet Union,1051,"258,745",0,,,,,,,0,0,0,0,0,0,0
Kostanay,SOV,Soviet Union,1051,"315,835",0,,,,,,,0,0,0,0,0,0,0
Kyzyl Orda,SOV,Soviet Union,1051,"447,566",0,,,,,,,0,0,0,0,0,0,0
Navoi,SOV,Soviet Union,1051,"465,742",0,,,,,,,0,0,0,0,0,0,0
Pamir,SOV,Soviet Union,1051,"230,281",0,,,,,,,0,0,0,0,0,0,0
Stalinabad,SOV,Soviet Union,1051,"230,281",0,,,,,,,0,0,0,0,0,0,0
Ural'sk,SOV,Soviet Union,1051,"268,900",0,,,,,,,0,0,0,0,0,0,0
Ust Urt,SOV,Soviet Union,1051,"245,432",0,,,,,,,0,0,0,0,0,0,0
Karagandy,SOV,Soviet Union,1051,"227,293",0,,,,,,,0,0,0,0,0,0,0
Karakalpakstan,SOV,Soviet Union,1051,"258,745",0,,,,,,,0,0,0,0,0,0,0
Spanish Africa,SPR,Spain,1041,"744,908",0,,,,,67.2,,0,0,0,0,0,8.197560613,0
Equatorial Guinea,SPR,Spain,1042,"185,226",0,,,,,,,0,0,0,0,0,0,0
Islas Canarias,SPR,Spain,1042,"562,032",0,,,,,,,0,0,0,0,0,0,0
Rio de Oro,SPR,Spain,1042,"21,082",0,,,,,,,0,0,0,0,0,0,0
Madrid,SPR,Spain,1052,"2,067,179",4,,1.92,,,,,2,0,1.385640646,0,0,0,0
Galicia,SPR,Spain,1052,"2,297,887",3,,,,,,,1.732050808,0,0,0,0,0,0
Granada,SPR,Spain,1052,"1,664,321",2,,,,,15.36,,1.414213562,0,0,0,0,3.919183588,0
País Vasco,SPR,Spain,1052,"929,227",2,,,,,15.36,,1.414213562,0,0,0,0,3.919183588,0
Asturias,SPR,Spain,1052,"1,198,713",2,,,,,,,1.414213562,0,0,0,0,0,0
Cataluña,SPR,Spain,1052,"3,040,244",2,,,,,,,1.414213562,0,0,0,0,0,0
Sevilla,SPR,Spain,1052,"1,748,782",2,,,,,,,1.414213562,0,0,0,0,0,0
Western Aragón,SPR,Spain,1052,"669,181",1,,,,,28.8,,1,0,0,0,0,5.366563146,0
Valladolid,SPR,Spain,1052,"714,499",1,,,,19.2,,,1,0,0,0,3.067246322,0,0
León,SPR,Spain,1052,"749,955",1,,,,16,,,1,0,0,0,2.8,0,0
Extremadura,SPR,Spain,1052,"1,419,383",1,,,,7.68,,,1,0,0,0,1.939896904,0,0
Burgos,SPR,Spain,1052,"740,663",1,,,,,,,1,0,0,0,0,0,0
Ciudad Real,SPR,Spain,1052,"527,546",1,,,,,,,1,0,0,0,0,0,0
Córdoba,SPR,Spain,1052,"1,430,257",1,,,,,,,1,0,0,0,0,0,0
Guadalajara,SPR,Spain,1052,"528,341",1,,,,,,,1,0,0,0,0,0,0
Murcia,SPR,Spain,1052,"1,008,835",1,,,,,,,1,0,0,0,0,0,0
Valencia,SPR,Spain,1052,"1,981,710",1,,,,,,,1,0,0,0,0,0,0
Salamanca,SPR,Spain,1052,"365,046",0,,,,19.2,,,0,0,0,0,3.067246322,0,0
Eastern Aragón,SPR,Spain,1052,"387,839",0,,,,,,,0,0,0,0,0,0,0
Islas Baleares,SPR,Spain,1052,"365,946",0,,,,,,,0,0,0,0,0,0,0
Navarra,SPR,Spain,1052,"360,319",0,,,,,,,0,0,0,0,0,0,0
Sidi Ifni,SPR,Spain,1052,"11,056",0,,,,,,,0,0,0,0,0,0,0
Afar,AFA,Sultanate of Aussa,1053,"560,684",1,,,,,,,1,0,0,0,0,0,0
Södermanland,SWE,Sweden,1040,"1,489,998",6,,4.32,,,51.84,,2.449489743,0,2.078460969,0,0,7.2,0
Västergötland,SWE,Sweden,1040,"891,048",3,,,,,3.84,,1.732050808,0,0,0,0,1.959591794,0
Skåne,SWE,Sweden,1040,"1,048,980",2,,,,,,,1.414213562,0,0,0,0,0,0
Norrbotten,SWE,Sweden,1040,"100,344",1,,,,73.92,84,42,1,0,0,0,6.018371873,9.16515139,3.240370349
Småland,SWE,Sweden,1040,"390,843",1,,,,,6.4,,1,0,0,0,0,2.529822128,0
Östergötland,SWE,Sweden,1040,"505,843",1,,,,,5.76,,1,0,0,0,0,2.4,0
Gävleborg,SWE,Sweden,1040,"933,093",1,,,,,,,1,0,0,0,0,0,0
Västerbotten,SWE,Sweden,1040,"315,490",0,,,,49,54.6,21,0,0,0,0,4.9,7.389181281,2.291287847
Dalarna,SWE,Sweden,1040,"250,022",0,,,,,32,,0,0,0,0,0,5.656854249,0
Jämtland,SWE,Sweden,1040,"65,079",0,,,,,28,,0,0,0,0,0,5.291502622,0
Värmland,SWE,Sweden,1040,"297,015",0,,,,,5.6,,0,0,0,0,0,2.366431913,0
Bohuslän,SWE,Sweden,1040,"96,329",0,,,,,,,0,0,0,0,0,0,0
Gotland,SWE,Sweden,1040,"57,058",0,,,,,,,0,0,0,0,0,0,0
Swiss Plateau,SWI,Switzerland,1036,"1,218,323",6,,,,,,,2.449489743,0,0,0,0,0,0
Jura Mountains,SWI,Switzerland,1036,"2,069,820",3,,28.8,,,,,1.732050808,0,5.366563146,0,0,0,0
Ticino,SWI,Switzerland,1036,"160,749",1,,21,,,,,1,0,4.582575695,0,0,0,0
Eastern Swiss Alps,SWI,Switzerland,1036,"599,651",1,,18,,,,,1,0,4.242640687,0,0,0,0
Western Swiss Alps,SWI,Switzerland,1036,"178,647",1,,,,,,,1,0,0,0,0,0,0
Tannu Tuva,TAN,Tannu Tuva,1025,"85,104",2,,,,,,2.88,1.414213562,0,0,0,0,0,0.848528137
Shigatse,TIB,Tibet,1025,"1,001,221",2,,,,,,,1.414213562,0,0,0,0,0,0
Nagqu,TIB,Tibet,1025,"1,724,102",1,,,,2.4,,,1,0,0,0,1.084435337,0,0
Ngari,TIB,Tibet,1025,"1,001,221",0,,,,,,,0,0,0,0,0,0,0
Ankara,TUR,Turkey,1032,"811,273",4,,,,,47.04,18.48,2,0,0,0,0,6.85857128,2.149418526
Istanbul,TUR,Turkey,1032,"1,043,548",4,,,,,,,2,0,0,0,0,0,0
Bursa,TUR,Turkey,1032,"1,079,169",2,,,,,,54.6,1.414213562,0,0,0,0,0,3.69459064
Izmir,TUR,Turkey,1032,"1,403,600",1,,,,,,84,1,0,0,0,0,0,4.582575695
Antalya,TUR,Turkey,1032,"363,132",1,,,,,,58.8,1,0,0,0,0,0,3.834057903
Afyon,TUR,Turkey,1032,"1,300,128",1,,,,,,42,1,0,0,0,0,0,3.240370349
Izmit,TUR,Turkey,1032,"808,646",1,,,,,15.12,31.92,1,0,0,0,0,3.888444419,2.824889378
Edirne,TUR,Turkey,1032,"364,391",1,,,,,,,1,0,0,0,0,0,0
Malatya,TUR,Turkey,1032,"1,083,102",1,,,,,,,1,0,0,0,0,0,0
Kayseri,TUR,Turkey,1032,"859,500",0,,,,,,44.8,0,0,0,0,0,0,3.346640106
Amasya,TUR,Turkey,1032,"531,820",0,,,,,,,0,0,0,0,0,0,0
Diyarbakır,TUR,Turkey,1032,"572,633",0,,,,,,,0,0,0,0,0,0,0
Hakkari,TUR,Turkey,1032,"262,415",0,,,,,,,0,0,0,0,0,0,0
Kastamonu,TUR,Turkey,1032,"861,640",0,,,,,,,0,0,0,0,0,0,0
Konya,TUR,Turkey,1032,"850,490",0,,,,,,,0,0,0,0,0,0,0
Mersin,TUR,Turkey,1032,"412,301",0,,,,,,,0,0,0,0,0,0,0
Samsun,TUR,Turkey,1032,"1,153,269",0,,,,,,,0,0,0,0,0,0,0
Sivas,TUR,Turkey,1032,"593,545",0,,,,,,,0,0,0,0,0,0,0
Trabzon,TUR,Turkey,1032,"1,032,388",0,,,,,,,0,0,0,0,0,0,0
Tunceli,TUR,Turkey,1032,"524,176",0,,,,,,,0,0,0,0,0,0,0
Van,TUR,Turkey,1032,"365,936",0,,,,,,,0,0,0,0,0,0,0
Hong Kong,ENG,United Kingdom,1025,"1,144,912",0,,,,,,,0,0,0,0,0,0,0
Lothian,ENG,United Kingdom,1029,"1,433,372",2,,,,,,,1.414213562,0,0,0,0,0,0
Christmas Island,ENG,United Kingdom,1029,"1,627",0,,,,,,,0,0,0,0,0,0,0
Cocos Islands,ENG,United Kingdom,1029,42,0,,,,,,,0,0,0,0,0,0,0
Ellice Islands,ENG,United Kingdom,1029,494,0,,,,,,,0,0,0,0,0,0,0
Fiji,ENG,United Kingdom,1029,"180,220",0,,,,,,,0,0,0,0,0,0,0
Gilbert Islands,ENG,United Kingdom,1029,"1,036",0,,,,,,,0,0,0,0,0,0,0
Nauru,ENG,United Kingdom,1029,"5,792",0,,,,,,,0,0,0,0,0,0,0
Ceylon,ENG,United Kingdom,1030,"5,506,714",1,,,100.8,,,,1,0,0,10.03992032,0,0,0
Andaman,ENG,United Kingdom,1030,"29,536",0,,,,,,,0,0,0,0,0,0,0
Maldives,ENG,United Kingdom,1030,"79,397",0,,,,,,,0,0,0,0,0,0,0
Jordan,ENG,United Kingdom,1031,"933,138",1,,,,,,,1,0,0,0,0,0,0
Palestine,ENG,United Kingdom,1031,"934,281",1,,,,,,,1,0,0,0,0,0,0
Abu Dhabi,ENG,United Kingdom,1031,"170,408",0,7.2,,,,,,0,8.049844719,0,0,0,0,0
Aden,ENG,United Kingdom,1031,"872,265",0,,,,,,,0,0,0,0,0,0,0
Kuwait,ENG,United Kingdom,1031,"80,098",0,,,,,,,0,0,0,0,0,0,0
Qatar,ENG,United Kingdom,1031,"51,663",0,,,,,,,0,0,0,0,0,0,0
Cyprus,ENG,United Kingdom,1032,"348,384",0,,,,,,5.04,0,0,0,0,0,0,1.122497216
Malta,ENG,United Kingdom,1037,"241,916",0,,,,,,,0,0,0,0,0,0,0
Greater London Area,ENG,United Kingdom,1039,"9,836,289",7,,,,,,,2.645751311,0,0,0,0,0,0
Yorkshire,ENG,United Kingdom,1039,"4,768,309",5,,,,,153.36,,2.236067977,0,0,0,0,12.38386046,0
Lancashire,ENG,United Kingdom,1039,"5,777,498",5,,4.32,,,66.96,,2.236067977,0,2.078460969,0,0,8.182909018,0
West Midlands,ENG,United Kingdom,1039,"3,689,734",5,,,,,58.32,,2.236067977,0,0,0,0,7.636753237,0
Lanark,ENG,United Kingdom,1039,"2,260,479",5,,,,,45.36,,2.236067977,0,0,0,0,6.734983296,0
Northumberland,ENG,United Kingdom,1039,"2,131,459",5,,,,,34.56,,2.236067977,0,0,0,0,5.878775383,0
Northern Ireland,ENG,United Kingdom,1039,"1,200,000",5,,3.84,,,,,2.236067977,0,1.959591794,0,0,0,0
East Anglia,ENG,United Kingdom,1039,"1,364,838",4,,,,,,,2,0,0,0,0,0,0
Sussex,ENG,United Kingdom,1039,"3,197,281",4,,,,,,,2,0,0,0,0,0,0
East Midlands,ENG,United Kingdom,1039,"2,214,721",3,,,,,19.8,,1.732050808,0,0,0,0,4.449719092,0
Gloucestershire,ENG,United Kingdom,1039,"1,802,813",2,,,,,19.44,,1.414213562,0,0,0,0,4.409081537,0
Aberdeenshire,ENG,United Kingdom,1039,"746,376",2,,5.76,,7.68,,,1.414213562,0,2.4,0,1.939896904,0,0
Scottish Highlands,ENG,United Kingdom,1039,"248,176",1,,15.12,,26.88,,1.68,1,0,3.888444419,0,3.629214791,0,0.64807407
Wales,ENG,United Kingdom,1039,"2,312,049",1,,5.76,,,21.12,,1,0,2.4,0,0,4.595650117,0
South-West England,ENG,United Kingdom,1039,"1,222,503",1,,,,,,,1,0,0,0,0,0,0
Cumbria,ENG,United Kingdom,1039,"746,011",0,,8,,,32,,0,0,2.828427125,0,0,5.656854249,0
Tanganyika,ENG,United Kingdom,1039,"5,305,469",0,,,3.36,,,,0,0,0,1.833030278,0,0,0
Isle of Man,ENG,United Kingdom,1039,"51,062",0,,,,,,,0,0,0,0,0,0,0
Shetland Islands,ENG,United Kingdom,1039,"18,022",0,,,,,,,0,0,0,0,0,0,0
Alexandria,ENG,United Kingdom,1041,"3,863,950",1,1.92,,,5.76,5.76,,1,4.156921938,0,0,1.68,2.4,0
Cairo,ENG,United Kingdom,1041,"6,462,744",1,,,,,,,1,0,0,0,0,0,0
Aswan,ENG,United Kingdom,1041,"4,229,673",0,,,,,,,0,0,0,0,0,0,0
Eastern Desert,ENG,United Kingdom,1041,"2,197",0,,,,,,,0,0,0,0,0,0,0
Matrouh,ENG,United Kingdom,1041,"52,620",0,,,,,,,0,0,0,0,0,0,0
Sinai,ENG,United Kingdom,1041,"15,378",0,,,,,,,0,0,0,0,0,0,0
Suez,ENG,United Kingdom,1041,"131,893",0,,,,,,,0,0,0,0,0,0,0
Western Desert,ENG,United Kingdom,1041,"18,562",0,,,,,,,0,0,0,0,0,0,0
Lagos,ENG,United Kingdom,1042,"19,781,117",1,,,3.36,,,,1,0,0,1.833030278,0,0,0
Ghana,ENG,United Kingdom,1042,"3,167,462",0,,,,13.44,13.44,6.72,0,0,0,0,2.566242389,3.666060556,1.29614814
Sierra Leone,ENG,United Kingdom,1042,"1,770,659",0,,,,,53.76,,0,0,0,0,0,7.332121112,0
Ascension,ENG,United Kingdom,1042,459,0,,,,,,,0,0,0,0,0,0,0
Benue,ENG,United Kingdom,1042,"1,165,095",0,,,,,,,0,0,0,0,0,0,0
Borno,ENG,United Kingdom,1042,"166,443",0,,,,,,,0,0,0,0,0,0,0
Gambia,ENG,United Kingdom,1042,"199,764",0,,,,,,,0,0,0,0,0,0,0
Socotra,ENG,United Kingdom,1042,"21,329",0,,,,,,,0,0,0,0,0,0,0
Sokoto,ENG,United Kingdom,1042,"332,885",0,,,,,,,0,0,0,0,0,0,0
Newfoundland,ENG,United Kingdom,1043,"255,371",1,,,,,,,1,0,0,0,0,0,0
Labrador,ENG,United Kingdom,1043,"22,206",0,,,,,,,0,0,0,0,0,0,0
Bermuda,ENG,United Kingdom,1044,"37,562",0,,,,,,,0,0,0,0,0,0,0
Trinidad,ENG,United Kingdom,1045,"413,623",0,20.16,,,,,,0,13.46996659,0,0,0,0,0
British Honduras,ENG,United Kingdom,1045,"51,062",0,,,,,,,0,0,0,0,0,0,0
Jamaica,ENG,United Kingdom,1045,"1,076,312",0,,,,,,,0,0,0,0,0,0,0
Leeward Islands,ENG,United Kingdom,1045,"25,709",0,,,,,,,0,0,0,0,0,0,0
Northern Bahamas,ENG,United Kingdom,1045,"40,049",0,,,,,,,0,0,0,0,0,0,0
Southern Bahamas,ENG,United Kingdom,1045,"15,018",0,,,,,,,0,0,0,0,0,0,0
Windward Islands,ENG,United Kingdom,1045,"76,578",0,,,,,,,0,0,0,0,0,0,0
British Guyana,ENG,United Kingdom,1046,"309,377",0,,92.16,,,,,0,0,9.6,0,0,0,0
Falkland Islands,ENG,United Kingdom,1049,"2,466",0,,,,,,,0,0,0,0,0,0,0
Pitcairn Island,ENG,United Kingdom,1049,40,0,,,,,,,0,0,0,0,0,0,0
Gibraltar,ENG,United Kingdom,1052,"21,398",0,,,,,,,0,0,0,0,0,0,0
Khartoum,ENG,United Kingdom,1053,"822,005",1,,,,,,,1,0,0,0,0,0,0
Nairobi,ENG,United Kingdom,1053,"1,086,765",1,,,,,,,1,0,0,0,0,0,0
Uganda,ENG,United Kingdom,1053,"3,519,917",0,,,4.2,,,,0,0,0,2.049390153,0,0,0
Bahr al Ghazal,ENG,United Kingdom,1053,"550,671",0,,,,,,,0,0,0,0,0,0,0
Blue Nile,ENG,United Kingdom,1053,"661,909",0,,,,,,,0,0,0,0,0,0,0
British Somaliland,ENG,United Kingdom,1053,"345,121",0,,,,,,,0,0,0,0,0,0,0
Diego Garcia,ENG,United Kingdom,1053,"2,150",0,,,,,,,0,0,0,0,0,0,0
Garissa,ENG,United Kingdom,1053,"611,305",0,,,,,,,0,0,0,0,0,0,0
Kassala,ENG,United Kingdom,1053,"512,026",0,,,,,,,0,0,0,0,0,0,0
Kurdufan,ENG,United Kingdom,1053,"1,804,332",0,,,,,,,0,0,0,0,0,0,0
Malawi,ENG,United Kingdom,1053,"1,605,933",0,,,,,,,0,0,0,0,0,0,0
Mauritius,ENG,United Kingdom,1053,"404,952",0,,,,,,,0,0,0,0,0,0,0
Mombasa,ENG,United Kingdom,1053,"1,018,842",0,,,,,,,0,0,0,0,0,0,0
North Darfur,ENG,United Kingdom,1053,"8,153",0,,,,,,,0,0,0,0,0,0,0
Nyanza-Rift Valley,ENG,United Kingdom,1053,"679,228",0,,,,,,,0,0,0,0,0,0,0
Seychelles,ENG,United Kingdom,1053,"126,858",0,,,,,,,0,0,0,0,0,0,0
South Darfur,ENG,United Kingdom,1053,"302,389",0,,,,,,,0,0,0,0,0,0,0
Upper Nile,ENG,United Kingdom,1053,"1,041,391",0,,,,,,,0,0,0,0,0,0,0
Bechuanaland,ENG,United Kingdom,1054,"234,286",0,,,,,,129.6,0,0,0,0,0,0,5.692099788
Zambia,ENG,United Kingdom,1054,"1,381,774",0,,,,13.44,,58.8,0,0,0,0,2.566242389,0,3.834057903
Rhodesia,ENG,United Kingdom,1054,"1,172,766",0,,,,,,,0,0,0,0,0,0,0
Saint Helena,ENG,United Kingdom,1054,"2,488",0,,,,,,,0,0,0,0,0,0,0
South Georgia,ENG,United Kingdom,1054,30,0,,,,,,,0,0,0,0,0,0,0
Guam,USA,United States,1026,"75,245",0,,,,,,,0,0,0,0,0,0,0
Hawaii,USA,United States,1029,"368,786",0,,,,,,,0,0,0,0,0,0,0
Johnston Atoll,USA,United States,1029,100,0,,,,,,,0,0,0,0,0,0,0
Line Islands,USA,United States,1029,"5,374",0,,,,,,,0,0,0,0,0,0,0
Midway Island,USA,United States,1029,"2,162",0,,,,,,,0,0,0,0,0,0,0
Wake Island,USA,United States,1029,150,0,,,,,,,0,0,0,0,0,0,0
Alaska,USA,United States,1043,"67,582",0,,,,,,,0,0,0,0,0,0,0
Attu Island,USA,United States,1043,20,0,,,,,,,0,0,0,0,0,0,0
Pennsylvania,USA,United States,1044,"9,643,103",12,,,,,95.04,,3.464101615,0,0,0,0,9.748846086,0
New York,USA,United States,1044,"12,603,427",12,,,,,28.08,,3.464101615,0,0,0,0,5.29905652,0
Illinois,USA,United States,1044,"7,639,966",12,,,,,,,3.464101615,0,0,0,0,0,0
California,USA,United States,1044,"5,684,178",10,345.6,15.36,,,,,3.16227766,55.77096019,3.919183588,0,0,0,0
New England,USA,United States,1044,"8,414,973",10,,,,,25.92,,3.16227766,0,0,0,0,5.091168825,0
Texas,USA,United States,1044,"5,831,822",9,614.4,96,,,,,3,74.36128025,9.797958971,0,0,0,0
Michigan,USA,United States,1044,"4,848,234",7,11.52,,,,115.2,,2.645751311,10.18233765,0,0,0,10.73312629,0
Ohio,USA,United States,1044,"6,654,808",7,,19.44,,,60.48,,2.645751311,0,4.409081537,0,0,7.776888838,0
New Jersey,USA,United States,1044,"4,046,265",7,,,,,,,2.645751311,0,0,0,0,0,0
Maryland,USA,United States,1044,"2,120,980",6,,,,,,,2.449489743,0,0,0,0,0,0
Virginia,USA,United States,1044,"2,251,825",6,,,,,,,2.449489743,0,0,0,0,0,0
Missouri,USA,United States,1044,"3,633,795",5,,23.04,,,,,2.236067977,0,4.8,0,0,0,0
Indiana,USA,United States,1044,"3,242,454",5,,,,,,,2.236067977,0,0,0,0,0,0
Iowa,USA,United States,1044,"2,473,954",4,,,,,,,2,0,0,0,0,0,0
Minnesota,USA,United States,1044,"2,567,082",3,,,,,211.2,,1.732050808,0,0,0,0,14.5327217,0
Tennessee,USA,United States,1044,"2,619,749",3,,,,,115.2,,1.732050808,0,0,0,0,10.73312629,0
Wisconsin,USA,United States,1044,"2,942,592",3,,,,,101.76,,1.732050808,0,0,0,0,10.08761617,0
Alabama,USA,United States,1044,"2,649,477",3,,,,,,,1.732050808,0,0,0,0,0,0
Florida,USA,United States,1044,"1,470,002",3,,,,,,,1.732050808,0,0,0,0,0,0
Georgia,USA,United States,1044,"2,912,054",3,,,,,,,1.732050808,0,0,0,0,0,0
Kentucky,USA,United States,1044,"2,617,780",3,,,,,,,1.732050808,0,0,0,0,0,0
North Carolina,USA,United States,1044,"3,174,144",3,,,,,,,1.732050808,0,0,0,0,0,0
Washington,USA,United States,1044,"1,565,303",3,,,,,,,1.732050808,0,0,0,0,0,0
Oklahoma,USA,United States,1044,"2,398,964",2,100.8,33.6,,,,,1.414213562,30.11976096,5.796550698,0,0,0,0
Louisiana,USA,United States,1044,"2,104,157",2,84.48,,,,,,1.414213562,27.5739007,0,0,0,0,0
Kansas,USA,United States,1044,"1,883,294",2,50.4,,,,,,1.414213562,21.29788722,0,0,0,0,0
Arkansas,USA,United States,1044,"1,856,745",2,,23.52,,,,,1.414213562,0,4.849742261,0,0,0,0
South Carolina,USA,United States,1044,"1,740,887",2,,,,,,,1.414213562,0,0,0,0,0,0
West Virginia,USA,United States,1044,"1,904,296",2,,,,,,,1.414213562,0,0,0,0,0,0
New Mexico,USA,United States,1044,"423,833",1,23.52,50.4,,,,,1,14.54922678,7.09929574,0,0,0,0
Colorado,USA,United States,1044,"1,037,054",1,23.52,,,,,,1,14.54922678,0,0,0,0,0
North Dakota,USA,United States,1044,"681,675",1,11.76,,,,28.56,,1,10.28785692,0,0,0,5.344155686,0
Arizona,USA,United States,1044,"436,104",1,8.4,13.44,,,33.6,,1,8.694826048,3.666060556,0,0,5.796550698,0
Utah,USA,United States,1044,"508,466",1,,,,127.68,,,1,0,0,0,7.909690259,0,0
Mississippi,USA,United States,1044,"2,012,273",1,,,,,,,1,0,0,0,0,0,0
Nebraska,USA,United States,1044,"1,379,644",1,,,,,,,1,0,0,0,0,0,0
Oregon,USA,United States,1044,"954,949",1,,,,,,,1,0,0,0,0,0,0
South Dakota,USA,United States,1044,"693,695",1,,,,,,,1,0,0,0,0,0,0
Idaho,USA,United States,1044,"445,574",0,,,,30.24,30.24,1.68,0,0,0,0,3.849363584,5.499090834,0.64807407
Nevada,USA,United States,1044,"91,168",0,,35,,44.8,98,,0,0,5.916079783,0,4.685296149,9.899494937,0
Montana,USA,United States,1044,"538,261",0,,,,18.48,,,0,0,0,0,3.009185936,0,0
Phoenix Island,USA,United States,1044,24,0,,,,,,,0,0,0,0,0,0,0
Wyoming,USA,United States,1044,"225,839",0,,,,,,,0,0,0,0,0,0,0
Puerto Rico,USA,United States,1045,"1,545,798",1,,,,,,,1,0,0,0,0,0,0
Panamá Canal,USA,United States,1045,"39,515",0,,,,,,,0,0,0,0,0,0,0
Montevideo,URG,Uruguay,1047,"914,885",6,,,,,3.84,,2.449489743,0,0,0,0,1.959591794,0
Cerro Largo,URG,Uruguay,1047,"500,841",3,,,,,2.8,,1.732050808,0,0,0,0,1.673320053,0
Paysandú,URG,Uruguay,1047,"320,391",1,3.6,,,,,,1,5.692099788,0,0,0,0,0
Miranda,VEN,Venezuela,1046,"1,336,640",6,68.88,,,,,,2.449489743,24.89819271,0,0,0,0,0
Zulia,VEN,Venezuela,1046,"1,578,297",2,58.8,,,,,,1.414213562,23.00434742,0,0,0,0,0
Bolivar,VEN,Venezuela,1046,"245,942",0,,,,,,,0,0,0,0,0,0,0
Golog,XSM,Xibei San Ma,1025,"400,488",2,,,,,,,1.414213562,0,0,0,0,0,0
Qinghai,XSM,Xibei San Ma,1025,"1,197,560",2,,,,,,,1.414213562,0,0,0,0,0,0
Gansu,XSM,Xibei San Ma,1025,"3,709,923",1,,,,1.4,,,1,0,0,0,0.82825117,0,0
Haixi,XSM,Xibei San Ma,1025,"1,001,221",1,,,,,,,1,0,0,0,0,0,0
Gannan,XSM,Xibei San Ma,1025,"3,003,662",0,,,,,,,0,0,0,0,0,0,0
Jiuquan,XSM,Xibei San Ma,1025,"1,001,221",0,,,,,,,0,0,0,0,0,0,0
Ningxia,XSM,Xibei San Ma,1025,"2,080,136",0,,,,,,,0,0,0,0,0,0,0
Yemen,YEM,Yemen,1031,"2,492,539",2,1.68,,,,,,1.414213562,3.888444419,0,0,0,0,0
Serbia,YUG,Yugoslavia,1034,"1,280,682",7,,,,,,,2.645751311,0,0,0,0,0,0
Dalmatia,YUG,Yugoslavia,1034,"1,433,448",4,,,,,,,2,0,0,0,0,0,0
Croatia,YUG,Yugoslavia,1034,"2,227,115",3,,,,,,,1.732050808,0,0,0,0,0,0
Bosnia,YUG,Yugoslavia,1034,"1,912,532",2,,11.2,,,,,1.414213562,0,3.346640106,0,0,0,0
Macedonia,YUG,Yugoslavia,1034,"1,375,877",1,,26.88,,,,117.6,1,0,5.184592559,0,0,0,5.422176685
Montenegro,YUG,Yugoslavia,1034,"896,593",1,,117.6,,,,33.6,1,0,10.84435337,0,0,0,2.898275349
Morava,YUG,Yugoslavia,1034,"707,863",0,,,,,5.04,,0,0,0,0,0,2.244994432,0
Herzegovina,YUG,Yugoslavia,1034,"547,868",0,,9.8,,,,,0,0,3.130495168,0,0,0,0
Kosovo,YUG,Yugoslavia,1034,"616,752",0,,,,,,,0,0,0,0,0,0,0
Ljubljana,YUG,Yugoslavia,1034,"333,657",0,,,,,,,0,0,0,0,0,0,0
North Slovenia,YUG,Yugoslavia,1034,"812,040",0,,,,,,,0,0,0,0,0,0,0
Southern Serbia,YUG,Yugoslavia,1034,"210,256",0,,,,,,,0,0,0,0,0,0,0
Vojvodina,YUG,Yugoslavia,1034,"839,645",0,,,,,,,0,0,0,0,0,0,0
West Banat,YUG,Yugoslavia,1034,"586,294",0,,,,,,,0,0,0,0,0,0,0
Yunnan,YUN,Yunnan,1025,"11,007,921",4,,,,3.36,,,2,0,0,0,1.283121195,0,0
Dali,YUN,Yunnan,1025,"1,001,221",0,,,,,,,0,0,0,0,0,0,0
