No.,ja_JP,種別,equiptype,Tech,Father,Father2,Mother,Disallowmassproduction,Hitpoints,Firepower,Armor,Armorpenetration,Accuracy,Torpedoaccuracy,Evasion,Los,Concealment,Firingrange,Firingspeed,Speed,Torpedo,Bombing,Antiair,Asw,Interception,Antibomber,Antiland,Transport,Flightrange,備考
1,12cm単装砲,小口径主砲,Small-gun-flat,1914,0,,,,,15,,5,,,,,,16,50,,,,5,,,,,,,
2,12.7cm連装砲B型,小口径主砲,Small-gun-flat,1930,297,,,,,22,,6,3,,,,,18,100,,,,10,,,,,,,
3,10cm連装高角砲,小口径主砲,Small-gun-flak,1938,0,,,,,30,,7,5,,,,,20,150,,,,70,,,,,,,
4,14cm単装砲,中口径主砲,Mid-gun-flat,1914,0,,,,,50,,8,15,,,,,19,100,,,,5,,,,,,,
5,15.5cm三連装砲,中口径主砲,Mid-gun-flat,1935,0,,,,,70,,10,10,,,,,27,50,,,,20,,,,,,,
6,20.3cm連装砲,中口径主砲,Mid-gun-flat-ca,1926,0,,,,,80,,21,,,,,,27,30,,,,25,,,,,,,
7,35.6cm連装砲,大口径主砲,Big-gun,1913,0,,,,,150,,,,,,,,31,20,,,,30,,,,,,,
8,41cm連装砲,大口径主砲,Big-gun,1920,0,,,,,200,,,,,,,,36,14,,,,40,,,,,,,
9,46cm三連装砲,大口径主砲,Superbig-gun,1934,117,,,,,260,,,,,,,,42,13,,,,75,,,,,,,
10,12.7cm連装高角砲,副砲,Second-gun-flak,1929,0,,,,,20,,1,12,,,,,14,140,,,,4,,,,,,,
11,15.2cm単装砲,副砲,Second-gun-flat,1908,0,,,,,25,,9,10,,,,,18,60,,,,,,,,,,,
12,15.5cm三連装副砲,副砲,Second-gun-flat,1935,5,,,,,70,,10,20,,,,,27,50,,,,3,,,,,,,
13,61cm三連装魚雷,魚雷,Torp,1925,174,,,,,,,,,,,,,,,,50,,,,,,,,,
14,61cm四連装魚雷,魚雷,Torp,1936,13,,,,,,,,,,,,,,,,70,,,,,,,,,
15,61cm四連装(酸素)魚雷,魚雷,Torp,1939,14,,,,,,,,,35,,,,,,,100,,,,,,,,,
16,九七式艦攻,艦上攻撃機,Bomb-torp,1937,0,,,,,,,,,,,1,,,,,5,,,4,,,,,,
17,天山,艦上攻撃機,Bomb-torp,1943,16,,,,,,,,,,,1,,,,,7,,,3,,,,,,
18,流星,艦上攻撃機,Bomb-torp-dive,1945,17,,,,,,,,,,,1,,,,,10,,1,4,,,,,,
19,九六式艦戦,艦上戦闘機,Fighter,1936,0,,,,,,,,,,5,,,,,,,,30,,,,,,3,
20,零式艦戦21型,艦上戦闘機,Fighter,1940,19,,,,,,,,,,,,,,,,,,50,,,,,,7,
21,零式艦戦52型,艦上戦闘機,Fighter,1942,20,,,,,,,,,,,,,,,,,,60,,,,,,4,
22,試製烈風 後期型,艦上戦闘機,Fighter,1944,4097,,,,,,,,,,4,,,,,,,,100,,,,,,5,
23,九九式艦爆,艦上爆撃機,Bomb-dive,1939,0,,,,,,,,,,,,,,,,,50,,3,,,,,,
24,彗星,艦上爆撃機,Bomb-dive,1943,23,,,,,,,,,,,,,,,,,80,,3,,,,,,
25,零式水上偵察機,水上偵察機,Sp-recon,1940,0,,,,,,,,1,,,5,,,,,,1,1,2,,,,,,
26,瑞雲,多用途水上機/水上爆撃機,Sp-bomb,1943,0,,,,,,,,1,,,6,,,,,,4,2,4,,,,,,
27,13号対空電探,小型電探,Radar-small-flak,1942,0,,,,,,,,1,,,3,,,,,,,2,,,,,,,
28,22号対水上電探,小型電探,Radar-small-flat,1943,0,,,,,,,,3,,,5,,,,,,,,,,,,,,
29,33号対水上電探,小型電探,Radar-small-flat,1944,28,,,,,,,,5,,,7,,,,,,,,,,,,,,
30,21号対空電探,大型電探,Radar-big-flak,1941,0,,,,,,,,2,,,4,,,,,,,4,,,,,,,
31,32号対水上電探,大型電探,Radar-big-flat,1943,0,,,,,,,,8,,,10,,,,,,,,,,,,,,
32,42号対空電探,大型電探,Radar-big-dual,1943,30,,,,,,,,4,,,5,,,,,,,6,,,,,,,
33,改良型艦本式タービン,機関部強化,Engine-turbine,1924,0,,,,,,,,,,6,,,,,,,,,,,,,,,
34,強化型艦本式缶,機関部強化,Engine-boiler,1940,0,,,,,,,,,,10,,,,,,,,,,,,,,,
35,三式弾,対空強化弾,AL-shell,1941,0,,,,,,,,,,,,,,,,,,5,,,,,,,
36,九一式徹甲弾,対艦強化弾,AP-shell,1931,0,,,,,8,,,1,,,,,,,,,,,,,,,,,
37,7.7mm機銃,対空機銃,AA-gun,1932,0,,,,,,,,,,1,,,,,,,,2,,,,,,,
38,12.7mm単装機銃,対空機銃,AA-gun,1934,37,,,,,,,,,,1,,,,,,,,3,,,,,,,
39,25mm連装機銃,対空機銃,AA-gun,1936,38,,,,,,,,,,1,,,,,,,,5,,,,,,,
40,25mm三連装機銃,対空機銃,AA-gun,1936,38,,,,,,,,,,1,,,,,,,,6,,,,,,,
41,甲標的 甲型,特殊潜航艇,Midget-sub,1938,0,,,,,,,,,,,,,,,,115,,,,,,,,,
42,応急修理要員,応急修理要員,Repair-item,1921,0,,,-1,,,,,,,,,,,,,,,,,,,,,,
43,応急修理女神,応急修理要員,Repair-item,1926,42,,,-1,,,,,,,,,,,,,,,,,,,,,,
44,九四式爆雷投射機,爆雷,Depthc-projector,1934,0,,,,,,,,,,,,,,,,,,,5,,,,,,
45,三式爆雷投射機,爆雷,Depthc-projector,1943,44,,,,,,,,,,,,,,,,,,,8,,,,,,
46,九三式水中聴音機,ソナー,Sonar-passive,1933,0,,,,,,,,1,,,,,,,,,,,6,,,,,,
47,三式水中探信儀,ソナー,Sonar-active,1943,46,,,,,,,,2,,,,,,,,,,,10,,,,,,
48,12cm単装高角砲,小口径主砲,Small-gun-flak,1921,0,,,,,15,,5,,,,,,14,60,,,,35,,,,,,,
49,25mm単装機銃,対空機銃,AA-gun,1936,38,,,,,,,,,,1,,,,,,,,4,,,,,,,
50,20.3cm(3号)連装砲,中口径主砲,Mid-gun-flat-ca,1933,90,,,,,90,,12,18,,,,,28,40,,,,35,,,,,,,
51,12cm30連装噴進砲,対空機銃,AA-gun,1944,0,,16402,,,,,,,,,,,,,,,,8,,,,,,,
52,流星改,艦上攻撃機,Bomb-torp-dive,1947,18,,,,,,,,,,,2,,,,,13,,1,3,,,,,,
53,烈風 一一型,艦上戦闘機,Fighter,1946,22,,,,,,,,,,,,,,,,,,120,,,,,,5,
54,彩雲,艦上偵察機,Recon,1944,0,,,,,,,,2,,,9,,,,,,,,,,,,,,
55,紫電改二,艦上戦闘機,Fighter,1943,202,,,,,,,,,,30,,,,,,,,90,,,,,,3,
56,震電改,艦上戦闘機,Fighter,1950,437,,,1,,,,,,,,,,,,,,,150,,,,,,2,
57,彗星一二型甲,艦上爆撃機,Bomb-dive,1944,24,,,,,,,,,,,5,,,,,,100,,3,,,,,,
58,61cm五連装(酸素)魚雷,魚雷,Torp,1944,15,,,,,,,,,60,,,,,,,120,,,,,,,,,
59,零式水上観測機,水上偵察機,Sp-recon,1940,25,,,,,,,,2,,,6,,,,,,1,2,4,,,,,,
60,零式艦戦62型(爆戦),艦上爆撃機,Bomb-dive-fight,1945,21,,,,,,,,,,,,,,,,,40,45,3,,,,,,
61,二式艦上偵察機,艦上偵察機,Recon,1942,0,,,,,,,,3,,,7,,,,,,,1,,,,,,,
62,試製晴嵐,多用途水上機/水上爆撃機,Sp-bomb,1943,0,,16415,,,,,,1,,,6,,,,,,11,,6,,,,,,
63,12.7cm連装砲B型改二,小口径主砲,Small-gun-flat,1933,2,,,,,26,1,7,6,,1,,,18,110,,,,11,,,,,,,
64,Ju87C改,艦上爆撃機,Bomb-dive,1934,0,,,,,,,,10,,,,,,,,,90,,25,,,1,,,
65,15.2cm連装砲,中口径主砲,Mid-gun-flat,1942,11,,,,,70,,9,30,,,,,22,50,,,,15,,,,,,,
66,8cm高角砲,副砲,Second-gun-flak,1938,10,,,,,10,,1,20,,,,,13,260,,,,6,,,,,,,
68,大発動艇,上陸用舟艇,Landing-craft,1929,0,,,,,,,,,,,,,,,,,,,,,,,50,,
69,カ号観測機,回転翼機,Patrol-autogyro,1942,0,,,,,,,,1,,,,,,,,,,,9,,,,,,
70,三式指揮連絡機(対潜),対潜哨戒機,Patrol-liaison,1943,0,,,,,,,,2,,,1,,,,,,,,7,,,,,,
71,10cm連装高角砲(砲架),副砲,Second-gun-flak,1944,3,,,,,30,,1,5,,,,,20,150,,,,7,,,,,,,
72,増設バルジ(中型艦),増設バルジ(中型艦),Bulge-medium,1933,0,,,,,,,,,,-2,,,,,,,,,,,,,,,装甲+7
73,増設バルジ(大型艦),増設バルジ(大型艦),Bulge-large,1933,0,,,,,,,,,,-3,,,,,,,,,,,,,,,装甲+9
74,探照灯,探照灯,Searchlight,1921,0,,,,,,,,,,,2,,,,,,,,,,,,,,
75,ドラム缶(輸送用),簡易輸送部材,Drum,1942,0,,,,,,,,,,,,,,,,,,,,,,,,,
76,38cm連装砲,大口径主砲,Big-gun,1934,0,,16389,,,160,,,30,,,,,36,23,,,,10,,,,,,,
77,15cm連装副砲,副砲,Second-gun-flat,1928,0,,16389,,,45,15,9,20,,,,,23,80,,,,2,,,,,,,
78,12.7cm単装砲,小口径主砲,Small-gun-flat,1934,0,,16389,,,21,,6,9,,,,,17,160,,,,5,,,,,,,
79,瑞雲(六三四空),多用途水上機/水上爆撃機,Sp-bomb,1944,26,,26,,,,,,1,,,6,,,,,,6,2,5,,,,,,
80,瑞雲12型,多用途水上機/水上爆撃機,Sp-bomb,1946,26,,,,,,,,1,,,6,,,,,,7,3,5,,,,,,
81,瑞雲12型(六三四空),多用途水上機/水上爆撃機,Sp-bomb,1946,79,,80,,,,,,1,,,7,,,,,,9,3,6,,,,,,
82,九七式艦攻(九三一空),艦上攻撃機,Bomb-torp,1943,16,,16,,,,,,,,,2,,,,,6,,,7,,,,,,
83,天山(九三一空),艦上攻撃機,Bomb-torp,1945,82,,17,,,,,,,,,2,,,,,9,,,8,,,,,,
84,2cm 四連装FlaK 38,対空機銃,AA-gun,1938,0,,16389,,,,,,1,,,,,,,,,,7,,,,,,,
85,3.7cm FlaK M42,対空機銃,AA-cannon,1944,84,,,,,1,,,1,,,,,,,,,,8,,,,,,,
86,艦艇修理施設,艦艇修理施設,Repair-fac,1939,0,,,4,,,,,,,,,,,,,,,,,,,,,,
87,新型高温高圧缶,機関部強化,Engine-boiler,1943,34,,,,,,,,,,13,,,,,,,,,,,,,,,
88,22号対水上電探改四,小型電探,Radar-small-flat,1945,28,,,,,,,,8,,,5,,,,,,,,2,,,,,,
89,21号対空電探改,大型電探,Radar-big-dual,1943,30,,,,,,,,3,,1,6,,,,,,,5,,,,,,,
90,20.3cm(2号)連装砲,中口径主砲,Mid-gun-flat-ca,1930,6,,,,,85,,12,12,,,,,28,40,,,,30,,,,,,,
91,12.7cm連装高角砲(後期型),小口径主砲,Small-gun-flak,1944,10,,,,,24,,6,10,,6,,,15,140,,,,65,10,,,,,,
92,毘式40mm連装機銃,対空機銃,AA-gun,1934,191,,,,,,,,,,1,,,,,,,,6,,,,,,,
93,九七式艦攻(友永隊),艦上攻撃機,Bomb-torp,1942,98,,16,2,,,,,3,,,4,,,,,11,,1,5,,,,,,
94,天山一二型(友永隊),艦上攻撃機,Bomb-torp,1945,93,,372,1,,,,,3,,,5,,,,,14,,1,6,,,,,,
95,潜水艦53cm艦首魚雷(8門),潜水艦魚雷,Torp-sub,1935,0,,16440,,,,,,3,,,,,短,,,16,,,,,,,,,
96,零式艦戦21型(熟練),艦上戦闘機,Fighter,1942,20,,20,,,,,,15,,20,10,,,,,,,80,,,,,,7,
97,九九式艦爆(熟練),艦上爆撃機,Bomb-dive,1942,23,,23,,,,,,25,,5,24,,,,,,70,5,4,,,,,,
98,九七式艦攻(熟練),艦上攻撃機,Bomb-torp,1942,16,,16,,,,,,2,,,2,,,,,8,,,5,,,,,,
99,九九式艦爆(江草隊),艦上爆撃機,Bomb-dive,1942,97,,23,2,,,,,40,,10,34,,,,,,100,,5,,,,,,
100,彗星(江草隊),艦上爆撃機,Bomb-dive,1945,99,,24,1,,,,,48,,15,40,,,,,,135,15,5,,,,,,
101,照明弾,照明弾,Starshell,1928,0,,,,,,,,,,,,,,,,,,,,,,,,,
102,九八式水上偵察機(夜偵),水上偵察機,Sp-recon-night,1938,0,,,,,,,,1,,,3,,,,,,,,1,,,,,,
103,試製35.6cm三連装砲,大口径主砲,Big-gun,1934,7,,,4,,181,,,18,,,,,32,20,,,,50,,,,,,,
104,35.6cm連装砲(ダズル迷彩),大口径主砲,Big-gun,1944,7,,,,,163,,,18,,40,,20,31,20,,,,50,,,,,,,
105,試製41cm三連装砲,大口径主砲,Big-gun,1934,8,,,4,,220,,,25,,,,,37,15,,,,50,,,,,,,
106,13号対空電探改,小型電探,Radar-small-flak,1944,27,,,,,,,,2,,1,4,,,,,,,4,,,,,,,
107,艦隊司令部施設,司令部施設,Command-fac,1943,0,,,,,,,,1,,1,1,,,,,,,1,,,,,,,
108,熟練艦載機整備員,航空要員,Aircraft-personnel,1935,0,,,2,,10,,,1,,,1,,長,,,,,1,,,,,,,
109,零戦52型丙(六〇一空),艦上戦闘機,Fighter,1945,152,,21,,,,,,5,,23,,,,,,,,90,,,,,,6,
110,烈風(六〇一空),艦上戦闘機,Fighter,1947,109,,22,,,,,,5,,20,,,,,,,,110,,,,,,5,
111,彗星(六〇一空),艦上爆撃機,Bomb-dive,1944,24,,24,,,,,,15,,,10,,,,,,105,,4,,,,,,
112,天山(六〇一空),艦上攻撃機,Bomb-torp,1944,17,,17,,,,,,1,,,2,,,,,10,,,4,,,,,,
113,流星(六〇一空),艦上攻撃機,Bomb-torp-dive,1946,112,,18,,,,,,1,,,3,,,,,13,,,5,,,,,,
114,38cm連装砲改,大口径主砲,Big-gun,1943,76,,,,,175,,,45,,,,,37,30,,,,20,,,,,,,
115,Ar196改,水上偵察機,Sp-recon,1937,0,,16389,,,,,,2,,,5,,,,,,1,1,5,,,,,,
116,一式徹甲弾,対艦強化弾,AP-shell,1941,36,,,,,9,,,2,,,,,,,,,,,,,,,,,
117,試製46cm連装砲,大口径主砲,Superbig-gun,1934,105,,,4,,248,,,22,,2,,,40,16,,,,40,,,,,,,
118,紫雲,水上偵察機,Sp-recon,1943,59,,,,,,,,1,,,8,,,,,,1,,2,,,,,,
119,14cm連装砲,中口径主砲,Mid-gun-flat,1914,4,,,,,55,,8,20,,,,,19,100,,,,7,,,,,,,
120,91式高射装置,高射装置,AA-control-device,1931,0,,,,,,,,,,1,,,,,,,,2,,,,,,,
121,94式高射装置,高射装置,AA-control-device,1934,38,,,,,,,,,,1,,,,,,,,3,,,,,,,
122,10cm高角砲＋高射装置,小口径主砲,Small-gun-flak,1942,3,121,,,,35,,7,10,,5,,,20,160,,,,100,,,,,,,
123,SKC34 20.3cm連装砲,中口径主砲,Mid-gun-flat-ca,1934,0,,16389,,,100,,12,28,,,,,34,45,,,,28,,,,,,,
124,FuMO25 レーダー,大型電探,Radar-big-dual,1944,0,,16389,4,,3,,,10,,,9,,,,,,,7,,,,,,,
125,61cm三連装(酸素)魚雷,魚雷,Torp,1937,13,,,,,,1,,,35,10,,,,,,80,,,,,,,,,
126,WG42(Wurfgerät 42),対地装備,AL-rocket,1943,0,,16389,,,1,,,,,,,,短,,,,,,,,,,,,装甲-1
127,試製FaT仕様九五式酸素魚雷改,潜水艦魚雷,Torp-sub,1944,0,,16389,,,,,,7,,2,,,短,,,14,,,,,,,,,
128,試製51cm連装砲,大口径主砲,Supremebig-gun,1947,276,,,2,,300,,,10,,-20,,,45,12,,,,50,,,,,,,
129,熟練見張員,水上艦要員,Surface-personnel,1937,0,,16445,,,,,,2,,3,2,,,,,,,1,,,,,,,
130,12.7cm高角砲＋高射装置,副砲,Second-gun-flak,1934,10,121,,,,22,,1,18,,1,,,15,140,,,,8,,,,,,,
131,25mm三連装機銃 集中配備,対空機銃,AA-gun,1943,40,,,,,,,,,,1,,,,,,,,9,,,,,,,
132,零式水中聴音機,大型ソナー,Sonar-passive-big,1940,46,,,2,,,,,1,,1,1,,,,,,,,11,,,,,,
133,381mm/50 三連装砲,大口径主砲,Big-gun,1934,429,,,,,210,,,-30,,-5,,,44,13,,,,20,,,,,,,
134,OTO 152mm三連装速射砲,副砲,Second-gun-flat,1936,0,,16393,,,80,2,10,15,,,,,26,50,,,,2,,,,,,,
135,90mm単装高角砲,副砲,Second-gun-flak,1939,0,,16393,,,10,,1,10,,,,,13,160,,,,8,,,,,,,
136,プリエーゼ式水中防御隔壁,増設バルジ(大型艦),Bulge-large,1921,0,,16393,,,,,,,,-1,,,,,,,,,,,,,,,装甲+7
137,381mm/50 三連装砲改,大口径主砲,Big-gun,1940,133,,,,,216,,,-5,,-2,,,44,14,,,,35,,,,,,,
138,二式大艇,大型飛行艇,Flyingboat,1942,0,,16415,3,,,,,1,,,12,,,,,,,,1,,,,,,
139,15.2cm連装砲改,中口径主砲,Mid-gun-flat,1944,65,,,,,72,,9,35,,,,,23,50,,,,20,,,,,,,
140,96式150cm探照灯,大型探照灯,Searchlight-big,1938,74,,,,,,,,,,,3,,,,,,,1,,,,,,,
141,32号対水上電探改,大型電探,Radar-big-flat,1946,31,,,,,,,,9,,,11,,,,,,,,,,,,,,
142,15m二重測距儀＋21号電探改二,大型電探,Radar-superbig-dual,1941,89,,,4,,1,,,9,,1,7,,,,,,,8,,,,,,,装甲+1
143,九七式艦攻(村田隊),艦上攻撃機,Bomb-torp,1941,98,,16,2,,,,,2,,,4,,,,,12,,1,5,,,,,,
144,天山(村田隊),艦上攻撃機,Bomb-torp,1945,143,,372,1,,,,,2,,,4,,,,,15,,1,6,,,,,,
145,戦闘糧食,戦闘糧食,Food,1921,0,,16461,,,,,,,,,,,,,,,,,,,,,,,
146,洋上補給,補給物資,Underway-replenish,1921,10,,,,,,,,,,,,,,,,,,,,,,,,,装甲-2
147,120mm／50 連装砲,小口径主砲,Small-gun-flat,1931,0,,16393,,,22,,5,8,,,,,17,60,,,,15,,,,,,,
148,試製南山,艦上爆撃機,Bomb-dive,1945,62,,,,,,,,,,,21,,,,,,110,10,4,,,2,,,
149,四式水中聴音機,ソナー,Sonar-passive,1944,46,,,,,,,,1,,,,,,,,,,,12,,,,,,装甲+1
150,秋刀魚の缶詰,戦闘糧食,Food,1941,0,,16461,,,,,,,,,,,,,,,,,,,,,,,
151,試製景雲(艦偵型),艦上偵察機,Recon,1945,0,,16415,,,2,,,2,,,11,,,,,,,,,,,,,,
152,零式艦戦52型(熟練),艦上戦闘機,Fighter,1944,182,,21,,,,,,21,,20,10,,,,,,,90,,,,,,6,
153,零戦52型丙(付岩井小隊),艦上戦闘機,Fighter,1944,152,,21,2,,,,,24,,25,12,,,,,,,100,,,,,,6,
154,零戦62型(爆戦/岩井隊),艦上爆撃機,Bomb-dive-fight-n2,1946,153,,60,1,,,,,15,,20,10,,,,,,45,75,3,,,,,,
155,零戦21型(付岩本小隊),艦上戦闘機,Fighter,1942,20,,20,1,,,,,22,,35,14,,,,,,,90,,,,,,7,
156,零戦52型甲(付岩本小隊),艦上戦闘機,Fighter,1944,155,,21,1,,,,,25,,38,19,,,,,,,110,,,,,,6,
157,零式艦戦53型(岩本隊),艦上戦闘機,Fighter,1947,156,,152,1,,,,,30,,4,32,,,,,,,120,,,,,,6,
158,Bf109T改,艦上戦闘機,Fighter,1941,0,,16389,,,1,,,,,40,,,,,,,,80,,,,,,2,
159,Fw190T改,艦上戦闘機,Fighter,1944,354,,,,,2,,,,,20,,,,,,,,100,,,,,,3,
160,10.5cm連装砲,副砲,Second-gun-flak,1933,26,,,,,30,,1,20,,1,,,17,180,,,,6,,,,,,,
161,16inch三連装砲 Mk.7,大口径主砲,Big-gun,1943,381,,,,,240,1,,30,,,,,38,20,,,,40,,,,,,,
162,203mm/53 連装砲,中口径主砲,Mid-gun-flat-ca,1927,0,,16393,,,95,,12,-20,,,,,31,38,,,,10,,,,,,,
163,Ro.43水偵,水上偵察機,Sp-recon,1936,0,,16393,,,1,,,2,,1,4,,,,,,,1,2,,,,,,
164,Ro.44水上戦闘機,水上戦闘機,Sp-fight,1937,163,,,,,,,,12,,20,20,,,,,,,20,1,,,,,,
165,二式水戦改,水上戦闘機,Sp-fight,1942,20,,,,,,,,8,,20,10,,,,,,,30,1,,,,,,
166,大発動艇(八九式中戦車＆陸戦隊),上陸用舟艇,Landing-craft,1932,68,,,,,,,,,,,,,,,,,,,,,,35,20,,
167,特二式内火艇,特型内火艇,Landing-tank,1942,166,,,,,,,,,,,,,,,,,,,,,,40,8,,
168,九六式陸攻,陸上攻撃機,Attack-lb,1936,0,,,,,,,,,,,2,,,,,8,10,1,2,,,,,,
169,一式陸攻,陸上攻撃機,Attack-lb,1941,168,,,,,,,,,,,3,,,,,10,12,2,2,,,,,,
170,一式陸攻(野中隊),陸上攻撃機,Attack-lb,1944,180,,169,1,,,,,1,,,4,,,,,12,13,3,2,,,,,,
171,OS2U,水上偵察機,Sp-recon,1939,304,,,,,,,,2,,1,6,,,,,,1,1,1,,,,,,
172,5inch連装砲 Mk.28 mod.2,副砲,Second-gun-flak,1934,191,,,,,40,1,1,24,,1,,,16,192,,,,9,,,,,,,
173,Bofors 40mm四連装機関砲,対空機銃,AA-cannon,1934,0,,16404,4,,1,,,1,,2,,,,,,,,11,,,,,,,装甲+1
174,53cm連装魚雷,魚雷,Torp,1921,0,,,,,,,,,,36,,,,,,35,,,,,,,,,
175,雷電,局地戦闘機,Fighter-lb-interc,1943,21,,,,,,,,,,,,,,,,,,6,,,,,,,対爆+5、迎撃+2
176,三式戦 飛燕,陸軍戦闘機,Fighter-lb,1943,445,,,,,,,,,,,,,,,,,,8,,,,,,,対爆+1、迎撃+3
177,三式戦 飛燕(飛行第244戦隊),陸軍戦闘機,Fighter-lb,1943,185,,176,1,,,,,,,,,,,,,,,9,,,,,,,対爆+3、迎撃+4
178,PBY-5A Catalina,大型飛行艇,Flyingboat,1935,0,,16394,3,,,,,2,,,9,,,,,,,,2,,,,,,
179,試製61cm六連装(酸素)魚雷,魚雷,Torp,1948,97,,,2,,,,,,80,,,,,,,135,,,,,,,,,
180,一式陸攻 二二型甲,陸上攻撃機,Attack-lb,1943,169,,,,,,,,,,,4,,,,,11,12,3,2,,,,,,
181,零式艦戦32型,艦上戦闘機,Fighter,1942,20,,,,,,,,,,20,,,,,,,,55,,,,,,5,
182,零式艦戦32型(熟練),艦上戦闘機,Fighter,1944,96,,181,,,,,,18,,40,5,,,,,,,85,,,,,,5,
183,16inch三連装砲 Mk.7＋GFCS,大口径主砲,Big-gun,1946,161,307,,,,244,1,,70,,1,8,,39,20,,,,45,,,,,,,
184,Re.2001 OR改,艦上戦闘機,Fighter,1941,0,,16393,,,3,,,,,16,,,,,,,,60,,,,,,6,
185,三式戦 飛燕一型丁,陸軍戦闘機,Fighter-lb,1944,176,,,,,,,,,,,,,,,,,,9,,,,,,,対爆+2、迎撃+3
186,一式陸攻 三四型,陸上攻撃機,Attack-lb,1943,169,,,,,,,,1,,,4,,,,,11,12,4,2,,,,,,
187,銀河,陸上攻撃機,Attack-lb,1944,0,,,,,,,,1,,,3,,,,,14,14,3,3,,,,,,
188,Re.2001 G改,艦上攻撃機,Bomb-torp-fight,1943,184,,,,,3,,,,,2,,,,,,4,,4,,,,,,,
189,Re.2005 改,艦上戦闘機,Fighter,1943,184,,,,,1,,,,,24,,,,,,,,110,,,,,,3,
190,38.1cm Mk.I連装砲,大口径主砲,Big-gun,1912,0,,16390,,,180,,,10,,,,,23,19,,,,10,,,,,,,
191,QF 2ポンド8連装ポンポン砲,対空機銃,AA-gun,1925,0,,16390,,,1,,,,,,,,,,,,,10,,,,,,,
192,38.1cm Mk.I/N連装砲改,大口径主砲,Big-gun,1934,190,,,,,192,,,20,,,,,26,20,,,,25,,,,,,,
193,特大発動艇,上陸用舟艇,Landing-craft,1938,68,,,,,,,,,,,,,,,,,,,,,,,70,,
194,Laté 298B,多用途水上機/水上爆撃機,Sp-bomb,1937,0,,16392,,,2,,,,,1,4,,,,,4,5,1,2,,,,,,
195,SBD,艦上爆撃機,Bomb-dive,1939,0,,,,,1,,,10,,10,12,,,,,,60,15,3,,,,,,
196,TBD,艦上攻撃機,Bomb-torp,1937,0,,16394,,,1,,,,,,2,,,,,5,,,4,,,,,,
197,F4F-3,艦上戦闘機,Fighter,1936,0,,16394,,,1,,,,,5,,,,,,,,40,,,,,,4,
198,F4F-4,艦上戦闘機,Fighter,1940,197,,,,,1,,,2,,10,5,,,,,,,50,,,,,,4,
199,噴式景雲改,噴式戦闘爆撃機,Bomb-dive-fight-jet,1946,151,,16439,,,,,,1,,,3,,長,,,,15,6,,,,,,,
200,橘花改,噴式戦闘爆撃機,Bomb-dive-fight-jet,1947,199,,,,,,,,,,1,,,長,,,,11,12,,,,,,,
201,紫電一一型,局地戦闘機,Fighter-lb-interc,1943,0,,,,,,,,,,,,,,,,,,8,,,,,,,対爆+1、迎撃+1、装甲+1
202,紫電二一型 紫電改,局地戦闘機,Fighter-lb-interc,1944,201,,,,,,,,,,,,,,,,,,9,,,,,,,対爆+1、迎撃+3、装甲+2
203,艦本新設計 増設バルジ(中型艦),増設バルジ(中型艦),Bulge-medium,1941,72,,,,,,,,,,-1,,,,,,,,,,,,,,,装甲+8
204,艦本新設計 増設バルジ(大型艦),増設バルジ(大型艦),Bulge-large,1941,73,,,,,,,,,,-2,,,,,,,,,,,,,,,装甲+10
205,F6F-3,艦上戦闘機,Fighter,1942,198,,,,,1,,,6,,25,15,,,,,,,80,,,,,,5,
206,F6F-5,艦上戦闘機,Fighter,1944,205,,,,,1,,,8,,30,20,,,,,,,100,,,,,,5,
207,瑞雲(六三一空),多用途水上機/水上爆撃機,Sp-bomb,1944,26,,26,,,,,,2,,,4,,,,,,7,1,2,,,,,,
208,晴嵐(六三一空),多用途水上機/水上爆撃機,Sp-bomb,1945,207,,62,,,,,,2,,,6,,,,,,12,,3,,,,,,
209,彩雲(輸送用分解済),輸送機材,Tp-material,1944,0,,16446,,,,,,,,,,,,,,,,,,,,,,,
210,潜水艦搭載電探＆水防式望遠鏡,潜水艦装備,Radar-sub,1943,0,,16440,,,1,,,2,,8,4,,,,,,,1,,,,,,,
211,潜水艦搭載電探＆逆探(E27),潜水艦装備,Radar-sub,1944,210,,,,,1,,,3,,11,5,,,,,,,1,,,,,,,
212,彩雲(東カロリン空),艦上偵察機,Recon,1944,54,,,,,1,,,2,,,10,,,,,,,,,,,,,,
213,後期型艦首魚雷(6門),潜水艦魚雷,Torp-sub,1941,95,,,,,,,,3,,1,,,短,,,15,,,,,,,,,
214,熟練聴音員＋後期型艦首魚雷(6門),潜水艦魚雷,Torp-sub,1941,213,,,,,,,,5,,4,1,,短,,,15,,,,,,,,,
215,Ro.44水上戦闘機bis,水上戦闘機,Sp-fight,1942,164,,,,,,,,24,,40,35,,,,,,,35,2,,,,,,
216,二式水戦改(熟練),水上戦闘機,Sp-fight,1942,165,,165,,,,,,16,,35,15,,,,,,,50,1,,,,,,
217,強風改,水上戦闘機,Sp-fight,1943,20,202,,,,,,,,,30,10,,,,,,,45,,,,,,,
218,四式戦 疾風,陸軍戦闘機,Fighter-lb,1944,222,,,,,,,,,,,,,,,,,,10,,,,,,,対爆+1、迎撃+1
219,零式艦戦63型(爆戦),艦上爆撃機,Bomb-dive-fight,1946,60,,,,,,,,,,,,,,,,,50,50,2,,,,,,
220,8cm高角砲改＋増設機銃,副砲,Second-gun-flak,1939,66,49,,,,10,,1,23,,1,,,14,265,,,,7,,,,,,,
221,一式戦 隼II型,陸軍戦闘機,Fighter-lb,1941,0,,,,,,,,,,,,,,,,,,6,,,,,,,迎撃+2
222,一式戦 隼III型甲,陸軍戦闘機,Fighter-lb,1944,221,,,,,1,,,,,,,,,,,,,7,,,,,,,対爆+1、迎撃+3
223,一式戦 隼III型甲(54戦隊),陸軍戦闘機,Fighter-lb,1944,222,,222,2,,2,,,,,,1,,,,,,,8,,,,,,,対爆+1、迎撃+3
224,爆装一式戦 隼III型改(65戦隊),陸上攻撃機,Attack-lb-fight,1945,222,,,2,,3,,,4,,2,1,,,,,,9,6,,,,,,,
225,一式戦 隼II型(64戦隊),陸軍戦闘機,Fighter-lb,1942,221,,221,,,1,,,,,,1,,,,,,,11,,,,,,,対爆+1、迎撃+5
226,九五式爆雷,爆雷,Depthc-racks,1937,0,,,,,,,,,,,,,,,,,,,4,,,,,,
227,二式爆雷,爆雷,Depthc-racks,1942,226,,,,,,,,,,,,,,,,,,,7,,,,,,
228,九六式艦戦改,艦上戦闘機,Fighter,1942,19,,,,,,,,3,,25,,,,,,,,40,,,,,,4,
229,12.7cm単装高角砲(後期型),小口径主砲,Small-gun-flak,1944,10,,,,,22,,6,10,,6,,,15,140,,,,60,10,,,,,,
230,特大発動艇＋戦車第11連隊,上陸用舟艇,Landing-craft,1940,193,,,,,,,,,,,,,,,,,,,,,,45,,,
231,30.5cm三連装砲,大口径主砲,Big-gun,1907,0,,16391,,,150,1,,5,,5,,,24,13,,,,,,,,,,,
232,30.5cm三連装砲改,大口径主砲,Big-gun,1930,231,,,,,175,1,,25,,10,,,28,18,,,,30,,,,,,,
233,F4U-1D,艦上爆撃機,Bomb-dive-fight,1942,277,,,,,1,,,,,10,10,,,,,,70,70,1,,,2,,,
234,15.5cm三連装副砲改,副砲,Second-gun-flat,1940,12,,,,,72,,11,40,,1,,,28,60,,,,5,,,,,,,
235,15.5cm三連装砲改,中口径主砲,Mid-gun-flat,1940,5,,,,,75,1,10,25,,4,,,28,60,,,,25,,,,,,,
236,41cm三連装砲改,大口径主砲,Big-gun,1939,105,,,,,228,1,,40,,,,,38,16,,,,60,,,,,,,
237,瑞雲(六三四空/熟練),多用途水上機/水上爆撃機,Sp-bomb,1946,81,,79,2,,,,,1,,1,7,,,,,,9,4,6,,,,,,
238,零式水上偵察機11型乙,水上偵察機,Sp-recon,1942,25,,,,,1,,,2,,,6,,,,,,,1,7,,,,,,
239,零式水上偵察機11型乙(熟練),水上偵察機,Sp-recon,1944,238,,238,,,2,,,3,,,8,,,,,,,1,8,,,,,,
240,22号対水上電探改四(後期調整型),小型電探,Radar-small-flat,1947,88,,,,,1,,,9,,,7,,,,,,,,2,,,,,,
241,戦闘糧食(特別なおにぎり),戦闘糧食,Food,1943,145,,,,,,,,,,,,,,,,,,,,,,,,,
242,Swordfish,艦上攻撃機,Bomb-torp-n2,1936,367,,,,,2,,,1,,,1,,,,,3,,,4,,,,,,
243,Swordfish Mk.II(熟練),艦上攻撃機,Bomb-torp-n2,1943,242,,,,,3,,,3,,,2,,,,,5,,,6,,,,,,
244,Swordfish Mk.III(熟練),艦上攻撃機,Bomb-torp-n2,1944,243,,243,,,4,,,4,,,5,,,,,8,,,10,,,,,,
245,38cm四連装砲,大口径主砲,Big-gun,1935,0,,16392,,,204,,,20,,,,,41,17,,,,10,,,,,,,
246,38cm四連装砲改,大口径主砲,Big-gun,1940,245,,,,,216,1,,30,,,,,42,18,,,,20,,,,,,,
247,15.2cm三連装砲,副砲,Second-gun-flat,1930,0,,16392,,,60,,9,30,,,,,27,75,,,,1,,,,,,,
248,Skua,艦上爆撃機,Bomb-dive,1938,0,,,,,,,,,,20,,,,,,,40,15,2,,,,,,
249,Fulmar,艦上戦闘機,Fighter,1940,0,,16390,,,1,,,16,,12,10,,,,,,,30,2,,,,,4,
250,Spitfire Mk.I,陸軍戦闘機,Fighter-lb,1938,0,,16390,,,1,,,,,,,,,,,,,7,,,,,,,対爆+2、迎撃+1
251,Spitfire Mk.V,陸軍戦闘機,Fighter-lb,1941,250,,,,,1,,,,,,,,,,,,,9,,,,,,,対爆+3、迎撃+2
252,Seafire Mk.III改,艦上戦闘機,Fighter,1942,0,,16390,,,1,1,,10,,22,,,,,,,,90,,,,,,4,
253,Spitfire Mk.IX(熟練),陸軍戦闘機,Fighter-lb,1943,251,,251,2,,1,,,,,,,,,,,,,10,,,,,,,対爆+2、迎撃+4
254,F6F-3N,艦上戦闘機,Fighter-night,1943,205,,16427,,,,,,12,,25,20,,,,,,,80,4,,,,,5,
255,F6F-5N,艦上戦闘機,Fighter-night,1945,206,,16427,,,,,,14,,30,25,,,,,,,100,5,,,,,5,
256,TBF,艦上攻撃機,Bomb-torp,1942,196,,,,,2,,,,,,2,,,,,9,,1,6,,,,,,
257,TBM-3D,艦上攻撃機,Bomb-torp-night,1946,256,,16427,,,2,,,2,,,4,,,,,9,,1,8,,,,,,
258,夜間作戦航空要員,航空要員,Aircraft-personnel,1933,0,,16415,,,1,,,,,,,,中,,,,,,,,,,,,装甲+1
259,夜間作戦航空要員＋熟練甲板員,航空要員,Aircraft-personnel,1940,258,,,2,,3,,,2,,1,,,長,,,,,,,,,,,,装甲+1
260,Type124 ASDIC,ソナー,Sonar-active,1936,0,,16390,,,,,,2,,1,,,,,,,,,11,,,,,,
261,Type144/147 ASDIC,ソナー,Sonar-active,1942,260,,,,,,,,3,,1,,,,,,,,,13,,,,,,
262,HF/DF + Type144/147 ASDIC,ソナー,Sonar-active,1944,261,,,3,,,,,3,,2,2,,,,,,,,15,,,,,,
263,紫電改(三四三空) 戦闘301,局地戦闘機,Fighter-lb-interc,1944,202,,202,1,,,,,,,,,,,,,,,11,,,,,,,対爆+2、迎撃+4、装甲+2
264,紫電改(三四三空) 戦闘701,局地戦闘機,Fighter-lb-interc,1944,202,,202,1,,,,,,,,,,,,,,,11,,,,,,,対爆+2、迎撃+4、装甲+2
265,紫電改(三四三空) 戦闘407,局地戦闘機,Fighter-lb-interc,1944,202,,202,1,,,,,,,,,,,,,,,11,,,,,,,対爆+2、迎撃+4、装甲+2
266,12.7cm連装砲C型改二,小口径主砲,Small-gun-flat,1937,4099,,,,,29,1,7,8,,1,,,18,110,,,,8,,,,,,,
267,12.7cm連装砲D型改二,小口径主砲,Small-gun-flat,1941,4100,,,,,32,1,7,10,,1,,,18,110,,,,13,,,,,,,
268,北方迷彩(＋北方装備),増設バルジ(中型艦),Bulge-medium,1942,0,,16391,,,,,,,,2,,,,,,,,,,,,,,,装甲+2
269,試製東海,陸上攻撃機,Patrol-lb,1944,83,,,,,,,,,,,5,,,,,,2,,10,,,,,,
270,東海(九〇一空),陸上攻撃機,Patrol-lb,1945,269,,269,1,,,,,1,,,6,,,,,,2,,11,,,,,,
271,紫電改四,艦上戦闘機,Fighter,1945,55,,,,,,1,,9,,36,,,,,,,,105,,,,,,4,
272,遊撃部隊 艦隊司令部,司令部施設,Command-fac,1944,0,,,,,,,,1,,1,1,,,,,,,,,,,,,,装甲+1
273,彩雲(偵四),艦上偵察機,Recon,1945,54,,,,,,,,2,,,10,,,,,,,2,,,,,,,
274,12cm30連装噴進砲改二,対空機銃,AA-gun,1945,51,,,,,,,,1,,3,,,,,,,,8,,,,,,,装甲+1
275,10cm連装高角砲改＋増設機銃,副砲,Second-gun-flak,1944,71,40,,,,32,1,1,15,,1,,,20,150,,,,9,,,,,,,
276,46cm三連装砲改,大口径主砲,Superbig-gun,1942,9,,,,,272,2,,25,,,,,42,15,,,,90,,,,,,,
277,FM-2,艦上爆撃機,Bomb-dive-fight,1942,0,,16394,,,2,,,20,,20,,,,,,,20,60,1,,,1,,,
278,SKレーダー,大型電探,Radar-big-dual,1943,0,,16396,4,,,,,1,,2,10,,,,,,,8,,,,,,,
279,SK＋SGレーダー,大型電探,Radar-big-dual,1943,278,315,,2,,1,,,4,,4,12,,中,,,,,9,,,,,,,
280,QF 4.7inch砲 Mk.XII改,小口径主砲,Small-gun-flat,1928,0,,16390,,,23,,5,10,,3,,,15,110,,,,10,1,,,,,,
281,51cm連装砲,大口径主砲,Supremebig-gun,1949,128,,,,,320,2,,16,,-10,,,45,15,,,,50,,,,,,,
282,130mm B-13連装砲,小口径主砲,Small-gun-flat,1935,0,,16391,,,40,,9,5,,,,,25,120,,,,10,,,,,,,
283,533mm 三連装魚雷,魚雷,Torp,1938,0,,16391,,,10,,,,,15,,,,,,50,,,,,,,,,
284,5inch単装砲 Mk.30,小口径主砲,Small-gun-flak,1934,0,,16394,,,21,,6,11,,4,,,16,150,,,,60,,,,,,,
285,61cm三連装(酸素)魚雷後期型,魚雷,Torp,1942,125,,,,,,4,,,75,24,,,,,,90,,,,,,,,,
286,61cm四連装(酸素)魚雷後期型,魚雷,Torp,1943,15,,,,,,4,,,75,8,,,,,,110,,,,,,,,,
287,三式爆雷投射機 集中配備,爆雷,Depthc-projector,1944,45,,,,,,,,,,,,,,,,,,,12,,,,,,
288,試製15cm9連装対潜噴進砲,爆雷,Depthc-projector,1945,0,,16384,2,,,,,1,,,,,,,,,,,15,,,,,,
289,35.6cm三連装砲改(ダズル迷彩仕様),大口径主砲,Big-gun,1945,103,,,,,192,,,48,,65,,45,33,22,,,,65,,,,,,,
290,41cm三連装砲改二,大口径主砲,Big-gun,1943,236,,,,,235,,,50,,5,,,38,20,,,,60,,,,,,,
291,彗星二二型(六三四空),艦上爆撃機,Bomb-dive,1944,57,,57,,,,,,20,,,,,1,,,,105,10,4,,,,,,
292,彗星二二型(六三四空／熟練),艦上爆撃機,Bomb-dive,1945,291,,291,,,,,,35,,5,20,,1,,,,120,25,5,,,,,,
293,12cm単装砲改二,小口径主砲,Small-gun-flat,1931,1,,,,,19,,6,6,,1,,,16,70,,,,8,,,,,,,
294,12.7cm連装砲A型改二,小口径主砲,Small-gun-flat,1930,297,,,,,24,1,7,4,,1,,,18,100,,,,7,,,,,,,
295,12.7cm連装砲A型改三(戦時改修)＋高射装置,小口径主砲,Small-gun-flak,1934,294,121,,4,,26,1,7,14,,1,,,18,120,,,,8,,,,,,,
296,12.7cm連装砲B型改四(戦時改修)＋高射装置,小口径主砲,Small-gun-flak,1940,4101,121,,4,,32,1,7,15,,3,,,18,120,,,,9,,,,,,,
297,12.7cm連装砲A型,小口径主砲,Small-gun-flat,1924,0,,,,,20,,6,2,,,,,18,100,,,,6,,,,,,,
298,16inch Mk.I三連装砲,大口径主砲,Big-gun,1934,190,,,,,216,1,,20,,,,,36,12,,,,,,,,,,,
299,16inch Mk.I三連装砲＋AFCT改,大口径主砲,Big-gun,1938,298,,,,,224,1,,40,,,,,36,13,,,,20,,,,,,,
300,16inch Mk.I三連装砲改＋FCR type284,大口径主砲,Big-gun,1941,299,,,2,,240,1,,60,,2,5,,37,15,,,,70,,,,,,,
301,20連装7inch UP Rocket Launchers,対空機銃,AA-gun,1940,191,,,,,,,,,,2,,,,,,,,7,,,,,,,
302,九七式艦攻(九三一空／熟練),艦上攻撃機,Bomb-torp,1945,98,,82,,,,,,2,,1,3,,,,,8,,,9,,,,,,
303,Bofors15.2cm連装砲 Model1930,中口径主砲,Mid-gun-flat,1930,0,,16404,,,65,,10,25,,14,,,24,50,,,,40,,,,,,,
304,S9 Osprey,水上偵察機,Sp-recon,1930,0,,,,,,,,2,,,4,,,,,,,1,2,,,,,,
305,Ju87C改二(KMX搭載機),艦上爆撃機,Bomb-dive,1944,64,,16389,,,,,,25,,10,28,,,,,,95,,45,,,1,,,
306,Ju87C改二(KMX搭載機／熟練),艦上爆撃機,Bomb-dive,1945,396,,306,,,,,,35,,10,30,,1,,,,100,,50,,,2,,,
307,GFCS Mk.37,小型電探,Radar-small-dual,1943,0,,16396,,,2,,,9,,2,6,,中,,,,,7,,,,,,,装甲+1
308,5inch単装砲 Mk.30改＋GFCS Mk.37,小口径主砲,Small-gun-flak,1943,313,307,,,,36,,7,19,,8,36,,22,220,,,,96,,,,,,,
309,甲標的 丙型,特殊潜航艇,Midget-sub,1944,41,,,,,,,,,15,6,,,,,,140,,,,,,,,,
310,14cm連装砲改,中口径主砲,Mid-gun-flat,1930,119,,,,,60,1,9,25,,2,,,20,110,,,,10,,,,,,,
311,二式陸上偵察機,陸上偵察機,Recon-lb,1942,0,,,,,,,,2,,,8,,,,,,,3,,,,,,,
312,二式陸上偵察機(熟練),陸上偵察機,Recon-lb,1942,311,,311,,,,,,3,,,9,,,,,,,3,,,,,,,装甲+1
313,5inch単装砲 Mk.30 改,小口径主砲,Small-gun-flak,1940,284,,,,,29,,6,13,,2,,,17,180,,,,77,,,,,,,
314,533mm五連装魚雷(初期型),魚雷,Torp,1938,0,,16394,,,5,1,,,5,10,,,,,,80,,,,,,,,,
315,SG レーダー(初期型),小型電探,Radar-small-dual,1942,0,,16396,,,1,,,8,,6,8,,中,,,,,3,3,,,,,,
316,Re.2001 CB改,艦上爆撃機,Bomb-dive-fight,1942,184,,,,,3,,,10,,25,,,,,,,65,40,3,,,,,,
317,三式弾改,対空強化弾,AL-shell,1945,35,,,,,3,,,1,,,,,,,,,,6,,,,,,,
318,41cm連装砲改二,大口径主砲,Big-gun,1941,8,,,,,215,2,,50,,10,,,38,18,,,,50,,,,,,,
319,彗星一二型(六三四空／三号爆弾搭載機),艦上爆撃機,Bomb-dive,1945,57,,79,,,,,,5,,10,,,,,,,120,30,2,,,2,,,
320,彗星一二型(三一号光電管爆弾搭載機),艦上爆撃機,Bomb-dive-n2,1945,57,,16427,,,,,,45,,,5,,,,,,110,,,,,1,,,
322,瑞雲改二(六三四空),多用途水上機/水上爆撃機,Sp-bomb,1948,237,,81,,,2,,,2,,1,7,,,,,,10,4,6,,,,,,
323,瑞雲改二(六三四空／熟練),多用途水上機/水上爆撃機,Sp-bomb,1949,322,,322,1,,2,,,3,,3,8,,,,,,11,5,7,,,,,,
324,オ号観測機改,回転翼機,Patrol-autogyro,1943,69,,,,,1,,,1,,,,,,,,,,,10,,,,,,
325,オ号観測機改二,回転翼機,Patrol-autogyro,1944,324,,,,,1,,,1,,,1,,,,,,,,11,,,,,,
326,S-51J,回転翼機,Patrol-autogyro,1947,0,,16396,2,,2,,,2,,,3,,,,,,,,12,,,,,,
327,S-51J改,回転翼機,Patrol-autogyro,1952,326,,,1,,2,,,3,,,4,,,,,,,,13,,,,,,
328,35.6cm連装砲改,大口径主砲,Big-gun,1932,7,,,,,170,2,,36,,10,,,32,21,,,,40,,,,,,,
329,35.6cm連装砲改二,大口径主砲,Big-gun,1941,328,,,,,176,2,,54,,10,,,33,22,,,,50,,,,,,,
330,16inch Mk.I連装砲,大口径主砲,Big-gun,1921,507,,,,,198,1,,10,,6,,,31,15,,,,,,,,,,,
331,16inch Mk.V連装砲,大口径主砲,Big-gun,1938,330,,,,,210,2,,20,,1,,,35,15,,,,20,,,,,,,
332,16inch Mk.VIII連装砲改,大口径主砲,Big-gun,1939,331,,,,,212,2,,30,,2,,,35,15,,,,60,,,,,,,
333,烈風改,局地戦闘機,Fighter-lb-interc,1945,4097,,,,,,,,,,,,,,,,,,10,,,,,,,対爆+6、迎撃+2、装甲+1
334,烈風改(三五二空／熟練),局地戦闘機,Fighter-lb-interc,1945,333,,333,1,,,,,,,,,,,,,,,11,,,,,,,対爆+7、迎撃+3、装甲+1
336,烈風改二,艦上戦闘機,Fighter,1947,53,,,,,1,,,20,,8,,,,,,,,130,,,,,,5,
338,烈風改二戊型,艦上戦闘機,Fighter-night,1948,336,,16427,2,,2,,,11,,24,5,,,,,,,110,1,,,,,5,
339,烈風改二戊型(一航戦／熟練),艦上戦闘機,Fighter-night,1948,338,,338,1,,2,,,13,,32,13,,,,,,,120,2,,,,,5,
340,152mm／55 三連装速射砲,中口径主砲,Mid-gun-flat,1934,0,,16393,,,90,1,9,15,,,,,25,40,,,,20,,,,,,,
341,152mm／55 三連装速射砲改,中口径主砲,Mid-gun-flat,1940,340,,,,,108,1,9,35,,8,,,26,50,,,,25,,,,,,,
342,流星改(一航戦),艦上攻撃機,Bomb-torp-dive,1947,52,,52,2,,,,,1,,,4,,,,,14,,2,6,,,,,,
343,流星改(一航戦／熟練),艦上攻撃機,Bomb-torp-dive,1948,342,,342,1,,,,,2,,,6,,,,,15,,3,7,,,,,,
344,九七式艦攻改 試製三号戊型(空六号電探改装備機),艦上攻撃機,Bomb-torp-night,1943,82,,16427,,,,,,1,,,4,,,,,7,,,6,,,,,,
345,九七式艦攻改(熟練) 試製三号戊型(空六号電探改装備機),艦上攻撃機,Bomb-torp-night,1944,344,,344,,,,,,2,,,5,,,,,9,,,7,,,,,,
346,二式12cm迫撃砲改,爆雷,Depthc-projector,1943,0,,16384,,,,,,,,1,,,,,,,,,3,,,,,,
347,二式12cm迫撃砲改 集中配備,爆雷,Depthc-projector,1944,346,,,,,,,,,,1,,,,,,,,,7,,,,,,装甲-1
348,艦載型 四式20cm対地噴進砲,対地装備,AL-rocket,1944,0,,16401,,,,,,,,,,,,,,,,,,,,,,,装甲-2
349,四式20cm対地噴進砲 集中配備,対地装備,AL-rocket,1945,348,,,,,1,,,,,,,,,,,,,,,,,,,,装甲-4
350,Me163B,局地戦闘機,Fighter-lb-interc,1942,0,,16389,,,,,,,,,,,,,,,,2,,,,,,,対爆+9
351,試製 秋水,局地戦闘機,Fighter-lb-interc,1945,350,,,1,,,,,,,,,,,,,,,2,,,,,,,対爆+8
352,秋水,局地戦闘機,Fighter-lb-interc,1947,351,,,,,,,,,,,,,,,,,,3,,,,,,,対爆+9
353,Fw190 A-5改(熟練),艦上戦闘機,Fighter,1944,354,,159,1,,2,,,15,,32,,,,,,,,110,,,,,,4,
354,Fw190 D-9,局地戦闘機,Fighter-lb-interc,1944,0,,16389,,,2,,,,,,,,,,,,,12,,,,,,,対爆+3、迎撃+3
355,M4A1 DD,上陸用舟艇,Landing-craft,1942,0,,16396,,,2,,,,,-1,,,,,,,,,,,,50,,,
356,8inch三連装砲 Mk.9,中口径主砲,Mid-gun-flat-ca,1927,0,,16394,,,105,,12,,,-4,,,29,30,,,,15,,,,,,,
357,8inch三連装砲 Mk.9 mod.2,中口径主砲,Mid-gun-flat-ca,1939,356,,,,,120,,12,8,,-2,,,30,40,,,,20,,,,,,,
358,5inch 単装高角砲群,副砲,Second-gun-flak,1926,172,,,,,20,2,1,15,,1,,,13,168,,,,6,,,,,,,
359,6inch 連装速射砲 Mk.XXI,中口径主砲,Mid-gun-flat,1931,0,,16390,,,70,1,8,20,,8,,,23,70,,,,30,,,,,,,
360,Bofors 15cm連装速射砲 Mk.9 Model 1938,中口径主砲,Mid-gun-flat,1938,0,,16469,,,65,,9,30,,18,,,27,50,,,,45,,,,,,,
361,Bofors 15cm連装速射砲 Mk.9改＋単装速射砲 Mk.10改 Model 1938,中口径主砲,Mid-gun-flat,1941,360,,,,,75,-1,9,36,,26,,,28,60,,,,51,,,,,,,
362,5inch連装両用砲(集中配備),中口径主砲,Mid-gun-flak,1934,0,,16394,,,45,,7,16,,20,,,17,180,,,,120,,,,,,,
363,GFCS Mk.37＋5inch連装両用砲(集中配備),中口径主砲,Mid-gun-flak,1943,362,307,,,,48,,7,64,,32,28,,22,220,,,,144,,,,,,,
364,甲標的 丁型改(蛟龍改),特殊潜航艇,Midget-sub,1945,309,,,,,,,,,20,,20,,,,,168,,,,,,,,,
365,一式徹甲弾改,対艦強化弾,AP-shell,1945,116,,,,,11,,,2,,,,,,,,,,,,,,,,,
366,12.7cm連装砲D型改三,小口径主砲,Small-gun-flat,1944,267,,,,,37,1,7,15,,10,,,19,120,,,,14,18,,,,,,
367,Swordfish(水上機型),多用途水上機/水上爆撃機,Sp-bomb,1934,0,,16390,,,2,,,1,,,2,,,,,5,5,,4,,,,,,
368,Swordfish Mk.III改(水上機型),多用途水上機/水上爆撃機,Sp-bomb,1940,367,,,,,4,,,2,,,3,,,,,6,7,,7,,,,,,
369,Swordfish Mk.III改(水上機型／熟練),多用途水上機/水上爆撃機,Sp-bomb,1940,367,,367,2,,4,,,3,,,4,,,,,7,8,,8,,,,,,
370,Swordfish Mk.II改(水偵型),水上偵察機,Sp-recon,1937,242,,,,,1,,,2,,,5,,,,,,,,6,,,,,,
371,Fairey Seafox改,水上偵察機,Sp-recon,1937,510,,,,,2,,,2,,1,6,,,,,,,1,3,,,,,,
372,天山一二型甲,艦上攻撃機,Bomb-torp,1944,17,,,,,,,,,,,2,,,,,9,,1,4,,,,,,
373,天山一二型甲改(空六号電探改装備機),艦上攻撃機,Bomb-torp-night,1945,372,,16427,,,,,,1,,,5,,,,,11,,1,6,,,,,,
374,天山一二型甲改(熟練／空六号電探改装備機),艦上攻撃機,Bomb-torp-night,1945,373,,373,,,,,,2,,,6,,,,,13,,1,7,,,,,,
375,XF5U,艦上戦闘機,Fighter,1945,206,,,1,,,,,,,20,12,,,,,,,125,,,,,,4,
376,533mm五連装魚雷(後期型),魚雷,Torp,1943,314,,,,,12,1,,,40,18,,,,,,112,,,,,,,,,
377,RUR-4A Weapon Alpha改,爆雷,Depthc-projector,1951,0,,16396,2,,,,,1,,1,,,,,,,,,17,,,,,,装甲+1
378,対潜短魚雷(試作初期型),爆雷,Depthc-racks,1956,472,,,1,,,,,,,,,,,,,2,,,20,,,,,,
379,12.7cm単装高角砲改二,小口径主砲,Small-gun-flak,1945,229,,,,,25,,7,13,,12,,,15,150,,,,75,12,,,,,,
380,12.7cm連装高角砲改二,小口径主砲,Small-gun-flak,1945,91,,,,,27,,7,13,,12,,,15,150,,,,80,12,,,,,,
381,16inch三連装砲 Mk.6,大口径主砲,Big-gun,1941,332,,,,,220,1,,25,,,,,33,20,,,,25,,,,,,,
382,12cm単装高角砲E型,小口径主砲,Small-gun-flak,1943,48,,,,,18,,6,1,,18,,9,14,80,,,,55,1,,,,,,
383,後期型53cm艦首魚雷(8門),潜水艦魚雷,Torp-sub,1942,95,,,,,,,,3,,1,,,短,,,19,,,,,,,,,
384,後期型潜水艦搭載電探＆逆探,潜水艦装備,Radar-sub,1945,211,,,,,2,,,4,,13,7,,,,,4,,,,,,,,,装甲+1
385,16inch三連装砲 Mk.6 mod.2,大口径主砲,Big-gun,1943,381,,,,,228,2,,35,,,,,34,20,,,,35,,,,,,,
386,6inch三連装速射砲 Mk.16,中口径主砲,Mid-gun-flat,1936,0,,16394,,,70,1,8,20,,,,,24,80,,,,20,,,,,,,
387,6inch三連装速射砲 Mk.16 mod.2,中口径主砲,Mid-gun-flat,1942,386,,,,,80,1,9,32,,12,,,25,100,,,,30,,,,,,,
388,銀河(江草隊),陸上攻撃機,Attack-lb,1944,187,,187,1,,,,,3,,,4,,,,,15,15,3,4,,,,,,
389,TBM-3W＋3S,艦上攻撃機,Bomb-torp-night,1947,257,,16427,1,,3,,,3,,,10,,,,,10,7,,13,,,,,,
390,16inch三連装砲 Mk.6＋GFCS,大口径主砲,Big-gun,1945,385,307,,,,233,2,,60,,1,5,,34,20,,,,40,,,,,,,
391,九九式艦爆二二型,艦上爆撃機,Bomb-dive,1942,23,,,,,,,,10,,,18,,,,,,60,,3,,,1,,,
392,九九式艦爆二二型(熟練),艦上爆撃機,Bomb-dive,1942,391,,391,,,,,,32,,5,29,,,,,,80,5,4,,,1,,,
393,120mm／50 連装砲 mod.1936,小口径主砲,Small-gun-flat,1936,147,,,,,25,,6,12,,1,,,18,70,,,,17,,,,,,,
394,120mm／50 連装砲改 A.mod.1937,小口径主砲,Small-gun-flat,1937,393,,,,,27,,6,20,,2,,,19,80,,,,20,,,,,,,
395,深山,大型陸上機,Attack-lb-big,1943,0,,16415,2,,,,,,,,,,,,,16,17,1,,,,,,,
396,深山改,大型陸上機,Attack-lb-big,1946,395,,,2,,,,,,,,,,,,,17,19,2,,,,,,,
397,現地改装12.7cm連装高角砲,小口径主砲,Small-gun-flak,1946,380,,,2,,32,,7,17,,2,,,15,150,,,,67,,,,,,,
398,現地改装10cm連装高角砲,小口径主砲,Small-gun-flak,1946,122,,,2,,31,,7,16,,7,,,20,150,,,,80,,,,,,,
399,6inch Mk.XXIII三連装砲,中口径主砲,Mid-gun-flat,1931,359,,,,,75,1,8,8,,8,,,23,70,,,,20,,,,,,,
400,533mm 三連装魚雷(53-39型),魚雷,Torp,1939,283,,,,,15,,,,45,25,,,,,,65,,,,,,,,,
401,Do 17 Z-2,陸上攻撃機,Attack-lb,1934,0,,16389,,,,,,,,,2,,,,,,11,2,5,,,,,,
402,寒冷地装備＆甲板要員,航空要員,Aircraft-personnel,1921,0,,16391,3,,,,,,,,,,,,,,,,,,,,,,
403,四式重爆 飛龍,陸上攻撃機,Attack-lb,1944,0,,,,,,,,1,,,4,,,,,14,15,5,4,,,,,,
404,四式重爆 飛龍(熟練),陸上攻撃機,Attack-lb,1944,403,,403,,,,,,2,,,5,,,,,14,16,5,5,,,,,,
405,Do 217 E-5＋Hs293初期型,陸上攻撃機,Attack-lb,1940,401,,,,,,,,2,,,3,,,,,13,22,4,,,,,,,
406,Do 217 K-2＋Fritz-X,陸上攻撃機,Attack-lb,1943,401,,,2,,,,,2,,,3,,,,,16,24,4,,,,,,,
407,15.2cm連装砲改二,中口径主砲,Mid-gun-flat,1945,139,,,,,75,1,10,40,,4,,,24,60,,,,25,,,,,,,
408,装甲艇(AB艇),上陸用舟艇,Landing-craft,1928,0,,16401,,,1,1,,,,,1,,,,,,,,,,,35,25,,
409,武装大発,上陸用舟艇,Landing-craft,1943,68,,,,,1,,,1,,,,,,,,,,1,,,,30,32,,
410,21号対空電探改二,大型電探,Radar-big-dual,1945,89,,,,,,,,4,,4,7,,,,,,,7,,,,,,,
411,42号対空電探改二,大型電探,Radar-big-dual,1945,32,,,,,,,,8,,-1,6,,,,,,,7,,,,,,,
412,水雷戦隊 熟練見張員,水上艦要員,Surface-personnel,1943,129,,,,,,,,2,,3,2,,中,,,3,,1,,,,,,,
413,精鋭水雷戦隊 司令部,司令部施設,Command-fac,1943,0,,,,,,,,2,,,1,,,,,3,,,,,,,,,
414,SOC Seagull,水上偵察機,Sp-recon,1935,304,,,,,,,,2,,1,4,,,,,,1,,1,,,,,,
415,SO3C Seamew改,水上偵察機,Sp-recon,1942,414,,,,,,,,3,,,7,,,,,,,1,2,,,,,,
416,零式艦戦21型(台南空),局地戦闘機,Fighter-lb-interc,1941,96,,96,1,,,,,,,,1,,,,,,,11,,,,,,,対爆+1、迎撃+3
417,零式艦戦32型(台南空),局地戦闘機,Fighter-lb-interc,1942,416,,182,1,,,,,,,,1,,,,,,,12,,,,,,,対爆+1、迎撃+4
418,零式艦戦22型(251空),局地戦闘機,Fighter-lb-interc,1942,416,,96,1,,,,,,,,1,,,,,,,12,,,,,,,対爆+1、迎撃+3
419,SBD-5,艦上爆撃機,Bomb-dive,1943,196,,,,,1,,,20,,30,31,,,,,,70,20,4,,,,,,
420,SB2C-3,艦上爆撃機,Bomb-dive,1943,419,,,,,2,,,10,,10,35,,,,,,110,22,5,,,1,,,
421,SB2C-5,艦上爆撃機,Bomb-dive,1944,420,,,,,2,,,25,,20,40,,,,,,120,25,6,,,2,,,
422,FR-1 Fireball,艦上戦闘機,Fighter,1945,0,,16396,1,,2,,,7,,28,,,,,,,,110,,,,,,5,
423,Fulmar(戦闘偵察/熟練),艦上偵察機,Recon-fight,1940,249,,,,,2,,,3,,3,4,,,,,,,4,3,,,,,,
424,Barracuda Mk.II,艦上攻撃機,Bomb-torp,1942,0,,,,,,,,1,,,2,,,,,7,,,5,,,,,,
425,Barracuda Mk.III,艦上攻撃機,Bomb-torp,1944,424,,,,,,,,1,,,3,,,,,6,,,9,,,,,,
426,305mm／46 連装砲,大口径主砲,Big-gun,1909,0,,16393,,,144,1,,10,,20,,,24,20,,,,,,,,,,,
427,305mm／46 三連装砲,大口径主砲,Big-gun,1909,426,,,,,148,1,,20,,10,,,24,20,,,,,,,,,,,
428,320mm／44 連装砲,大口径主砲,Big-gun,1937,426,,,,,156,1,,10,,20,,,29,20,,,,,,,,,,,
429,320mm／44 三連装砲,大口径主砲,Big-gun,1937,428,,,,,160,1,,20,,10,,,29,20,,,,,,,,,,,
430,65mm／64 単装速射砲改,副砲,Second-gun-flak,1939,0,,16393,,,10,,1,5,,1,,,8,160,,,,9,,,,,,,
431,SM.79,陸上攻撃機,Attack-lb,1937,0,,16393,,,,,,,,,2,,,,,9,13,2,3,,,,,,
432,SM.79 bis,陸上攻撃機,Attack-lb,1942,431,,,,,,,,,,,3,,,,,12,14,3,4,,,,,,
433,SM.79 bis(熟練),陸上攻撃機,Attack-lb,1942,432,,432,,,,,,2,,,3,,,,,13,14,3,4,,,,,,
434,Corsair Mk.II,艦上戦闘機,Fighter,1942,233,,,,,1,,,,,10,5,,,,,,,100,,,,,,6,
435,Corsair Mk.II(Ace),艦上戦闘機,Fighter,1942,434,,434,2,,2,,,19,,20,20,,,,,,,110,,,,,,6,
436,大発動艇(II号戦車／北アフリカ仕様),上陸用舟艇,Landing-craft,1937,68,,16389,,,1,,,1,,,,,,,,,,,,,,40,,,
437,試製 陣風,艦上戦闘機,Fighter,1946,271,,,1,,,,,11,,6,,,,,,,,130,,,,,,5,
438,三式水中探信儀改,ソナー,Sonar-active,1945,47,,,,,,,,2,,1,,,,,,,,,11,,,,,,装甲+1
439,Hedgehog(初期型),爆雷,Depthc-racks,1942,0,,16390,,,,,,3,,,,,,,,,,,18,,,,,,装甲-1
440,21inch艦首魚雷発射管6門(初期型),潜水艦魚雷,Torp-sub,1931,0,,,,,,,,,,2,,,短,,,10,,,,,,,,,
441,21inch艦首魚雷発射管6門(後期型),潜水艦魚雷,Torp-sub,1943,440,,,,,,,,3,,3,,,短,,,14,,,,,,,,,
442,潜水艦後部魚雷発射管4門(初期型),潜水艦魚雷,Torp-sub,1931,0,,,,,,,,1,,1,,,短,,,6,,,,,,,,,
443,潜水艦後部魚雷発射管4門(後期型),潜水艦魚雷,Torp-sub,1943,442,,,,,,,,2,,2,,,短,,,9,,,,,,,,,
444,四式重爆 飛龍＋イ号一型甲 誘導弾,陸上攻撃機,Attack-lb,1946,403,,16438,1,,,,,1,,,4,,,,,15,20,5,3,,,,,,
445,二式複戦 屠龍,局地戦闘機,Fighter-lb-interc,1942,0,,,,,,,,,,,,,,,,,,3,,,,,,,装甲+1、対爆+4、迎撃+1
446,二式複戦 屠龍 丙型,局地戦闘機,Fighter-lb-interc,1943,445,,,,,,,,,,,,,,,,,,3,,,,,,,装甲+2、対爆+6、迎撃+2
447,零式艦戦64型(複座KMX搭載機),艦上爆撃機,Bomb-dive-fight,1946,219,,16389,1,,,,,,,,38,,,,,,35,45,40,,,,,,
449,特大発動艇＋一式砲戦車,上陸用舟艇,Landing-craft,1941,193,,,,,2,,,,,,,,,,,,,,,,,60,,,
450,13号対空電探改(後期型),小型電探,Radar-small-dual,1945,106,,,,,,,,2,,3,5,,,,,,,6,,,,,,,
451,三式指揮連絡機改,対潜哨戒機,Patrol-liaison,1945,70,,,,,1,,,2,,,2,,,,,,,,9,,,,,,
452,キ96,陸軍戦闘機,Fighter-lb,1944,446,,,,,,,,,,,,,,,,,,5,,,,,,,対爆+5、迎撃+4、装甲+2
453,キ102乙,陸上攻撃機,Attack-lb,1944,452,,,,,4,,,4,,,,,,,,11,19,4,4,,,,,,
454,キ102乙改＋イ号一型乙 誘導弾,陸上攻撃機,Attack-lb,1946,453,,16438,1,,4,,,3,,,,,,,,14,20,3,4,,,,,,
455,試製 長12.7cm連装砲A型改四,小口径主砲,Small-gun-flat,1942,294,,,2,,38,,8,18,,,,,19,130,,,,10,,,,,,,
456,SG レーダー(後期型),小型電探,Radar-small-dual,1944,315,,,,,2,,,10,,6,9,,中,,,,,3,4,,,,,,
457,後期型艦首魚雷(4門),潜水艦魚雷,Torp-sub,1941,95,,,,,,,,3,,3,,,短,,,12,,,,,,,,,装甲+1
458,後期型電探＆逆探＋シュノーケル装備,潜水艦装備,Radar-sub,1945,384,,,,,2,,,4,,15,6,,,,,4,,,,,,,,,装甲+2
459,B-25,陸上攻撃機,Attack-lb,1941,0,,16396,,,3,,,,,,4,,,,,8,16,4,,,,,,,
460,15m二重測距儀改＋21号電探改二＋熟練射撃指揮所,大型電探,Radar-superbig-dual,1944,410,,142,2,,4,,,10,,2,8,,,,,,,8,,,,,,,装甲+1
461,熟練聴音員＋後期型艦首魚雷(4門),潜水艦魚雷,Torp-sub,1941,457,,,,,,,,5,,5,,,短,,,13,,,,,,,,,装甲+1
463,15.5cm三連装副砲改二,副砲,Second-gun-flat,1943,234,,,,,75,5,12,60,,2,,,30,63,,,,5,,,,,,,
464,10cm連装高角砲群 集中配備,副砲,Second-gun-flak-big,1943,275,,,,,35,10,2,25,,2,,,20,170,,,,12,,,,,,,
465,試製51cm三連装砲,大口径主砲,Supremebig-gun,1951,281,,,2,,360,2,,-8,,-50,,,45,13,,,,50,,,,,,,
466,流星改(熟練),艦上攻撃機,Bomb-torp-dive,1947,342,,52,,,,,,1,,,5,,,,,13,,3,6,,,,,,
467,5inch連装砲(副砲配置)集中配備,副砲,Second-gun-flak-big,1940,172,,,,,50,,2,40,,3,,,17,210,,,,11,,,,,,,
468,38cm四連装砲改 deux,大口径主砲,Big-gun,1944,246,,,,,234,1,,40,,,,,43,19,,,,45,,,,,,,
469,零式水上偵察機11型乙改(夜偵),水上偵察機,Sp-recon-night,1943,238,,,,,1,,,2,,,5,,,,,,,1,6,,,,,,
470,12.7cm連装砲C型改三,小口径主砲,Small-gun-flat,1942,266,,,,,35,1,7,13,,2,,,19,120,,,,9,22,,,,,,
471,Loire 130M,水上偵察機,Sp-recon-night,1936,0,,16392,,,,,,2,,,3,,,,,,,,3,,,,,,
472,Mk.32 対潜魚雷(Mk.2落射機),爆雷,Depthc-projector,1951,0,,16396,,,,,,1,,,,,,,,1,,,19,,,,,,
473,F4U-2 Night Corsair,艦上戦闘機,Fighter-night,1944,233,,,,,1,,,18,,20,20,,,,,,,90,5,,,,,6,
474,F4U-4,艦上爆撃機,Bomb-dive-fight,1944,233,,,,,2,,,,,10,20,,,,,,60,100,3,,,1,,,
475,AU-1,艦上爆撃機,Bomb-dive-torp-fight,1945,474,,,,,3,,,,,10,23,,,,,60,120,90,5,,,,,,
476,F4U-7,艦上爆撃機,Bomb-dive-torp-fight,1945,474,,,,,3,,,,,20,25,,,,,80,110,100,4,,,,,,
477,熟練甲板要員,航空要員,Aircraft-personnel,1925,0,,16415,,,2,,,1,,1,1,,,,,,,1,,,,,,,装甲+1
478,熟練甲板要員＋航空整備員,航空要員,Aircraft-personnel,1940,477,,,2,,7,,,1,,1,1,,超長,,,1,1,1,1,,,,,,装甲+1
479,Mosquito FB Mk.VI,陸上攻撃機,Attack-lb-fight,1941,0,,16390,,,,,,1,,,5,,,,,5,18,5,4,,,,,,
480,Mosquito PR Mk.IV,陸上偵察機,Recon-lb,1941,479,,,,,,,,2,,,9,,,,,,,,,,,,,,装甲+2
481,Mosquito TR Mk.33,艦上攻撃機,Bomb-torp-fight,1941,479,,,,,,,,1,,,6,,,,,8,,5,6,,,,,,
482,特大発動艇＋III号戦車(北アフリカ仕様),上陸用舟艇,Landing-craft,1941,193,,16389,,,1,,,,,,,,,,,,,1,,,,55,,,
483,三式弾改二,対空強化弾,AL-shell,1948,317,,,,,5,,,1,,1,,,,,,,,7,,,,,,,
484,四式重爆 飛龍(熟練)＋イ号一型甲 誘導弾,陸上攻撃機,Attack-lb,1946,404,,16438,1,,,,,3,,,5,,,,,17,21,5,4,,,,,,
485,強風改二,水上戦闘機,Sp-fight,1946,217,,,,,,,,10,,45,20,,,,,,,60,,,,,,,
486,零式艦戦64型(制空戦闘機仕様),艦上戦闘機,Fighter,1945,109,,,,,1,,,7,,30,9,,,,,,,90,,,,,,5,
487,零式艦戦64型(熟練爆戦),艦上爆撃機,Bomb-dive-fight,1947,486,,219,,,1,,,30,,,20,,,,,,60,80,3,,,,,,
488,二式爆雷改二,爆雷,Depthc-racks,1944,227,,,,,,,,1,,1,,,,,,,,,8,,,,,,装甲+1
489,一式戦 隼II型改(20戦隊),対潜哨戒機,Patrol-liaison-f,1943,221,,,,,2,,,,,3,,,,,,,4,6,8,,,,,,
490,試製 夜間瑞雲(攻撃装備),多用途水上機/水上爆撃機,Sp-bomb-night,1948,322,,,2,,3,,,2,,,7,,,,,,10,4,6,,,,,,
491,一式戦 隼III型改(熟練／20戦隊),対潜哨戒機,Patrol-liaison-f,1945,489,,223,2,,2,,,1,,3,,,,,,,5,7,8,,,,,,
492,零戦52型丙(八幡部隊),艦上戦闘機,Fighter,1944,109,,21,2,,1,,,12,,25,,,,,,,,100,,,,,,6,
493,一式陸攻(八幡部隊),陸上攻撃機,Attack-lb,1944,492,,169,,,,,,1,,,4,,,,,11,12,3,2,,,,,,
494,特大発動艇＋チハ,上陸用舟艇,Landing-craft,1938,193,497,,,,,,,,,,,,,,,,,,,,,50,,,
495,特大発動艇＋チハ改,上陸用舟艇,Landing-craft,1941,193,498,,,,1,,,,,,,,,,,,,,,,,55,,,
496,陸軍歩兵部隊,陸戦部隊,Land-corps,1931,0,,,,,,,,,,,,,,,,,,,,,,60,,,
497,九七式中戦車(チハ),陸戦部隊,Land-corps,1938,0,,,,,,,,,,,,,,,,,,,,,,65,,,
498,九七式中戦車 新砲塔(チハ改),陸戦部隊,Land-corps,1941,497,,,,,,,,,,,,,,,,,,,,,,70,,,
499,陸軍歩兵部隊＋チハ改,陸戦部隊,Land-corps,1941,496,498,,,,,,,,,,,,,,,,,,,,,75,,,
500,発煙装置(煙幕),艦載発煙装置,Smoke,1934,0,,,,,,,,,,1,,,,,,,,,,,,,,,
501,発煙装置改(煙幕),艦載発煙装置,Smoke,1941,500,,,,,,,,,,3,,,,,,,,,,,,,,,
502,35.6cm連装砲改三(ダズル迷彩仕様),大口径主砲,Big-gun,1945,329,,,,,180,2,,60,,80,,60,34,23,,,,65,,,,,,,
503,35.6cm連装砲改四,大口径主砲,Big-gun,1947,329,,,,,228,2,,72,,15,,,35,24,,,,50,,,,,,,
504,銀河(熟練),陸上攻撃機,Attack-lb,1945,187,,187,,,,,,2,,,3,,,,,14,15,3,3,,,,,,
505,25mm対空機銃増備,対空機銃,AA-gun,1937,49,,,,,,,,,,2,,,,,,,,7,,,,,,,
506,電探装備マスト(13号改＋22号電探改四),小型電探,Radar-small-dual,1945,88,106,,4,,,,,6,,2,5,,,,,,,4,2,,,,,,
507,14inch／45 連装砲,大口径主砲,Big-gun,1914,0,,16394,,,160,1,,2,,6,,,21,15,,,,,,,,,,,
508,14inch／45 三連装砲,大口径主砲,Big-gun,1914,507,,,,,192,1,,2,,,,,21,15,,,,,,,,,,,
509,12cm単装高角砲E型改,小口径主砲,Small-gun-flak,1945,382,,,,,23,,6,7,,26,,16,14,90,,,,78,2,,,,,,
510,Walrus,水上偵察機,Sp-recon-night,1933,0,,,,,,,,1,,,4,,,,,,,,4,,,,,,
511,21inch艦首魚雷発射管4門(初期型),潜水艦魚雷,Torp-sub,1931,0,,,,,,,,,,4,,,短,,,8,,,,,,,,,
512,21inch艦首魚雷発射管4門(後期型),潜水艦魚雷,Torp-sub,1943,511,,,,,,,,3,,5,,,短,,,12,,,,,,,,,
513,阻塞気球,防空気球,Ballon,1914,0,,,5,,,,,,,1,,,,,,,,,,,,,,,
514,特大発動艇＋III号戦車J型,上陸用舟艇,Landing-craft,1942,482,,,,,2,,,1,,,,,,,,,,1,,,,70,,,
515,Sea Otter,水上偵察機,Sp-recon-night,1938,510,,,2,,,,,2,,,5,,,,,,,,6,,,,,,
516,Me 262 A-1a／R1,局地戦闘機,Fighter-lb-interc,1944,0,,16389,1,,,,,,,,,,,,,,3,15,,,,,,,対爆+6、迎撃+1
517,逆探(E27)＋22号対水上電探改四(後期調整型),小型電探,Radar-small-flat,1948,240,,,1,,2,,,9,,5,8,,,,,,,,4,,,,,,
4097,試製烈風 初期型,艦上戦闘機,Fighter,1943,0,,16415,,,,,,2,,,,,,,,,,85,,,,,,5,
4098,遠征艦隊 司令部,司令部施設,Command-fac,1925,0,,,,,,,,,,,,,,,,,,,,,,,,,
4099,12.7cm連装砲C型,小口径主砲,Small-gun-flat,1933,2,,,,,25,,6,4,,,,,18,100,,,,7,,,,,,,
4100,12.7cm連装砲D型,小口径主砲,Small-gun-flat,1936,4099,,,,,27,,6,5,,,,,18,100,,,,12,,,,,,,
4101,12.7cm連装砲B型改三,小口径主砲,Small-gun-flat,1937,63,,,,,30,1,7,10,,2,,,18,110,,,,12,,,,,,,
4102,14cm単装副砲,副砲,Second-gun-flat,1914,0,,,,,25,,8,15,,,,,19,100,,,,5,,,,,,,
16384,ASW,,Virtual-precondition,,0,,,,,,,,,,,,,,,,,,,,,,,,,
16389,DE-0,,Virtual-precondition,,0,,,,,,,,,,,,,,,,,,,,,,,,,
16390,GB-0,,Virtual-precondition,,0,,,,,,,,,,,,,,,,,,,,,,,,,
16391,SU-0,,Virtual-precondition,,0,,,,,,,,,,,,,,,,,,,,,,,,,
16392,FR-0,,Virtual-precondition,,0,,,,,,,,,,,,,,,,,,,,,,,,,
16393,IT-0,,Virtual-precondition,,0,,,,,,,,,,,,,,,,,,,,,,,,,
16394,US-0,,Virtual-precondition,,0,,,,,,,,,,,,,,,,,,,,,,,,,
16396,US-1,,Virtual-precondition,,16394,,,,,,,,,,,,,,,,,,,,,,,,,
16401,ANTILAND,,Virtual-precondition,,0,,,,,,,,,,,,,,,,,,,,,,,,,
16402,JETGUN,,Virtual-precondition,,0,,,,,,,,,,,,,,,,,,,,,,,,,
16404,SW-0,,Virtual-precondition,,0,,,,,,,,,,,,,,,,,,,,,,,,,
16415,AVIATION,,Virtual-precondition,,0,,,,,,,,,,,,,,,,,,,,,,,,,
16427,NIGHTPLANE,,Virtual-precondition,,0,,,,,,,,,,,,,,,,,,,,,,,,,
16438,MISSILE,,Virtual-precondition,,0,,,,,,,,,,,,,,,,,,,,,,,,,
16439,JET,,Virtual-precondition,,0,,,,,,,,,,,,,,,,,,,,,,,,,
16440,SUB,,Virtual-precondition,,0,,,,,,,,,,,,,,,,,,,,,,,,,
16445,PERSONNEL,,Virtual-precondition,,0,,,,,,,,,,,,,,,,,,,,,,,,,
16446,EVENT,,Virtual-precondition,,0,,,,,,,,,,,,,,,,,,,,,,,,,
16461,FOOD,,Virtual-precondition,,0,,,,,,,,,,,,,,,,,,,,,,,,,
16469,NE-0,,Virtual-precondition,,0,,,,,,,,,,,,,,,,,,,,,,,,,
